,0,1,2,3,4,5,6,7,8,9,10,11,12,13,14,15,16,17,18,19,20,21,22,23,24,25,26,27,28,29,30,31,32,33,34,35,36,37,38,39,40,41,42,43,44,45,46,47,48
0,0.013132628053426743,-0.07633975893259048,0.0015121776377782226,0.04863794893026352,0.10560258477926254,0.010347547940909863,-0.09525670856237411,-0.04060813784599304,-0.021561821922659874,-0.022049620747566223,-0.058654412627220154,-0.04484013468027115,-0.05953122675418854,-0.13072048127651215,0.014419792219996452,-0.02018122933804989,0.08403365314006805,-0.023640938103199005,0.07062669098377228,0.10774001479148865,0.06253355741500854,0.12071698904037476,-0.0596720315515995,0.13932324945926666,-0.09277839958667755,0.19963477551937103,0.2749481797218323,0.11095364391803741,0.17666086554527283,-0.15724141895771027,0.04536481946706772,0.08062849193811417,0.1016198992729187,0.23159924149513245,0.027328258380293846,0.022078394889831543,-0.08883165568113327,-0.07123414427042007,0.03557107225060463,0.07230779528617859,0.00529476348310709,-0.048684123903512955,0.12412254512310028,-0.06126285716891289,-0.014218718744814396,-0.07753970474004745,-0.08671009540557861,0.11025632172822952,-0.07979287207126617
1,0.1902092695236206,0.19862155616283417,0.197304829955101,-0.10337871313095093,0.07533539086580276,-0.1425146460533142,0.11794856190681458,0.26424339413642883,0.1635034680366516,0.2193351686000824,0.021308954805135727,0.08463795483112335,-0.07437538355588913,-0.001128012198023498,0.11442994326353073,0.013053568080067635,0.02617955021560192,-0.08174694329500198,-0.11351268738508224,-0.06569793075323105,-0.005618600640445948,0.22929647564888,0.05051840841770172,0.0024963512551039457,0.1384921818971634,-0.02520502731204033,0.03458975628018379,0.22509467601776123,-0.025471962988376617,0.0230748001486063,0.07743773609399796,-0.15039558708667755,-0.04233087599277496,-0.07143770158290863,-0.02693142741918564,0.146341934800148,0.10849776864051819,0.21484623849391937,-0.02049672231078148,0.012775947339832783,0.13139523565769196,-0.015859786421060562,0.03610830008983612,0.08833527565002441,0.009116366505622864,-0.037401530891656876,-0.03427979722619057,-0.008940146304666996,-0.0008175490074791014
2,-0.06829524040222168,-0.04425468295812607,0.08890239149332047,0.08474349230527878,0.012657132931053638,-0.009612013585865498,0.04729216545820236,0.0545102097094059,-0.008148595690727234,-0.014229930005967617,-0.07463626563549042,0.11695457249879837,0.16301746666431427,0.13722607493400574,-0.10279115289449692,-0.021323468536138535,0.019993264228105545,0.06949079036712646,0.08088874071836472,-0.15531954169273376,-0.16474004089832306,0.03467630222439766,-0.014314910396933556,0.1594170778989792,0.19254912436008453,0.18717820942401886,0.2865431010723114,0.15483404695987701,0.07553274929523468,-0.06926805526018143,-0.006745168007910252,-0.16900944709777832,-0.21513213217258453,-0.04038926213979721,-0.018855364993214607,0.05416472256183624,0.0310480035841465,-0.10058705508708954,-0.04271805286407471,-0.12329275161027908,-0.22944970428943634,0.0032876974437385798,-0.020927781239151955,-0.019954675808548927,0.07499389350414276,0.13391494750976562,0.03280794247984886,-0.026022106409072876,-0.10324877500534058
3,0.018723266199231148,-0.02340148203074932,0.14759127795696259,-0.032509878277778625,0.12263084948062897,-0.05977507308125496,-0.2046288549900055,-0.03620774298906326,0.10007593035697937,-0.021911079064011574,-0.017029104754328728,-0.08507050573825836,0.007764752488583326,0.09449739754199982,0.11376292258501053,-0.06558069586753845,-0.05982816964387894,-0.10740721225738525,0.05051267147064209,0.07732769846916199,0.02069861814379692,0.01687178760766983,0.08830711990594864,0.03796070069074631,0.08856333047151566,-0.012153099291026592,-0.0026001748628914356,0.0713726133108139,0.043881841003894806,-0.08510743826627731,-0.07888112962245941,0.005514494143426418,0.1329934448003769,0.12063808739185333,0.08460203558206558,-0.020727593451738358,-0.06646648794412613,0.07979405671358109,0.05826767906546593,0.06848697364330292,-0.02478015422821045,0.15869680047035217,-0.12850286066532135,0.11007756739854813,-0.062154997140169144,0.009536326862871647,-0.0241218451410532,0.06610654294490814,0.16660349071025848
4,0.05145137757062912,0.17095179855823517,0.135041743516922,-0.005617713090032339,0.18467895686626434,-0.07494305074214935,0.06484192609786987,0.029900353401899338,0.0229036845266819,0.03986295685172081,0.10807210206985474,0.007917214184999466,-0.05563558265566826,-0.01500973291695118,-0.07519306242465973,-0.13533617556095123,-0.11405115574598312,-0.0646948292851448,0.08484452962875366,-0.1287626177072525,-0.08696425706148148,0.2245890349149704,0.0021061301231384277,0.05197602137923241,0.15719051659107208,0.14119009673595428,-0.042620256543159485,0.11654575914144516,0.2702387869358063,0.03787064924836159,-0.127779021859169,-0.05770818889141083,0.017660465091466904,-0.017926644533872604,-0.05057649314403534,0.22763293981552124,0.06925307214260101,-0.1610943228006363,0.0048914640210568905,-0.01610838808119297,-0.06883078813552856,-0.012709586881101131,0.21729712188243866,-0.011090145446360111,-0.08458127826452255,0.07883694022893906,-0.043908484280109406,-0.07095640897750854,0.021718284115195274
5,-0.09993118792772293,0.08241306990385056,0.1732923537492752,0.015034856274724007,0.10916213691234589,0.035411156713962555,-0.0893310159444809,0.014239422976970673,0.16374173760414124,-0.07015962898731232,-0.04310678690671921,0.08106009662151337,-0.04601674899458885,0.16038139164447784,-0.08526168018579483,-0.07869730144739151,0.05403982475399971,0.020512780174613,0.0858614444732666,0.1505197435617447,-0.05670489743351936,0.20997008681297302,-0.1951974332332611,-0.13952894508838654,0.13739247620105743,-0.0313461609184742,0.014073822647333145,0.11547147482633591,-0.027683189138770103,-0.11994341760873795,0.10552308708429337,0.08345068991184235,0.028702350333333015,0.08191187679767609,-0.05195552855730057,0.09841373562812805,0.11444872617721558,-0.024060700088739395,0.0213005393743515,-0.1627582460641861,-0.08118434250354767,0.15986433625221252,0.022893395274877548,0.04808290675282478,-0.027886556461453438,-0.08247654139995575,0.00126080890186131,0.0789281502366066,0.026192354038357735
6,0.11688577383756638,-0.09112439304590225,0.041381821036338806,-0.030670350417494774,-0.05233565717935562,0.19862724840641022,0.023238951340317726,-0.013384406454861164,0.0545634850859642,0.033605195581912994,-0.1042029932141304,0.17961902916431427,-0.08126387000083923,0.10767750442028046,-0.03813328221440315,0.14235879480838776,0.11443443596363068,-0.09891223162412643,-0.12541720271110535,-0.06894010305404663,0.05639694631099701,0.04231759160757065,-0.015594324097037315,-0.1830340176820755,-0.0889289602637291,0.02909194678068161,0.026065943762660027,-0.029740091413259506,-0.016396308317780495,-0.1706973910331726,-0.010222647339105606,0.03188324347138405,0.03333896026015282,0.024559909477829933,0.13167712092399597,-0.11999250948429108,-0.01467464491724968,0.08551850914955139,-0.177033931016922,0.1966031938791275,0.07288651913404465,-0.06761077046394348,0.08858349919319153,-0.10136605054140091,-0.03284852206707001,-0.03841995820403099,0.057011354714632034,0.14631132781505585,-0.08016075193881989
7,0.08014847338199615,0.08531959354877472,-0.1475563794374466,0.05497996136546135,0.047432735562324524,-0.08876509219408035,-0.006870529148727655,-0.022985657677054405,0.06517627835273743,-0.001566736027598381,0.11860860139131546,-0.13507279753684998,0.009723319672048092,0.07849869132041931,-0.10894054174423218,0.13551115989685059,-0.030036425217986107,0.061235249042510986,0.02733135223388672,0.07134787738323212,-0.011086941696703434,0.17109282314777374,0.07472292333841324,0.07538993656635284,-0.049422018229961395,-0.03845426067709923,-0.0849946141242981,0.07503657042980194,-0.0038050988223403692,-0.06670790910720825,0.006626762915402651,0.09726715087890625,0.11484641581773758,0.07230543345212936,-0.1240292340517044,-0.02126835286617279,0.06284990906715393,0.09963442385196686,-0.06150997802615166,-0.0267670638859272,0.10200927406549454,-0.10113643109798431,0.16674937307834625,-0.16832026839256287,0.17004689574241638,-0.17488954961299896,0.19668452441692352,-0.1447429358959198,0.03150080516934395
8,-0.08017107844352722,0.011604255065321922,-0.12892960011959076,0.06582945585250854,0.09477142989635468,0.030282702296972275,0.07049838453531265,0.01772676222026348,0.12084262818098068,0.15102772414684296,0.040514785796403885,0.10113931447267532,0.015041347593069077,0.02890941873192787,-0.15237757563591003,-0.038142163306474686,-0.0898083969950676,-0.1634356677532196,0.14904844760894775,-0.16989168524742126,-0.14196164906024933,-0.07851878553628922,0.058671075850725174,-0.00685971649363637,-0.02641397900879383,0.16376277804374695,-0.09695564210414886,0.04358435049653053,-0.06373003125190735,0.12472373247146606,0.04900229722261429,-0.11117500066757202,0.11032301932573318,-0.0033831498585641384,0.13906149566173553,-0.0469268299639225,-0.033281996846199036,0.011628402397036552,-0.006473659072071314,0.21975921094417572,-0.14846868813037872,0.05319114029407501,0.13069532811641693,0.12354491651058197,0.07684323191642761,-0.07751442492008209,0.14504474401474,-0.10074683278799057,0.06284075975418091
9,-0.02739080972969532,0.037064388394355774,0.006929793860763311,0.03724250569939613,0.004167418461292982,-0.19440309703350067,0.17009136080741882,0.027503766119480133,0.028682339936494827,0.10772762447595596,-0.0010343292960897088,-0.018771540373563766,-0.14959706366062164,0.11375884711742401,-0.10738145560026169,0.08451888710260391,0.1475842148065567,0.03284057602286339,0.007267628330737352,0.0015242210356518626,0.11343057453632355,0.18279309570789337,0.07063522934913635,0.14363478124141693,0.08512241393327713,-0.015426030382514,-0.00032790450495667756,0.2530503273010254,-0.17145676910877228,-0.17128373682498932,0.08129167556762695,-0.14674820005893707,-0.14038529992103577,-0.10443396866321564,0.12856686115264893,0.0885760635137558,0.1309579610824585,0.1318475604057312,0.08919966965913773,0.0411190427839756,-0.05404802784323692,0.1881239116191864,-0.0892147570848465,-0.042879436165094376,-0.07255441695451736,-0.014973650686442852,0.02219434641301632,-0.026942497119307518,0.11068985611200333
10,0.13286003470420837,0.08734890073537827,0.2360157072544098,0.19977454841136932,0.2391643226146698,0.12058255821466446,0.19493786990642548,-0.06769055873155594,-0.07599573582410812,0.021451318636536598,-0.06732432544231415,-0.015605813823640347,-0.014749023132026196,-0.009357213973999023,0.04319100081920624,-0.08257339149713516,0.07471686601638794,-0.08771631866693497,0.0029613205697387457,0.08135928958654404,-0.09943025559186935,0.11983569711446762,-0.06729985028505325,-0.012213071808218956,0.007885778322815895,-0.007089880760759115,-0.1551503688097,0.011968073435127735,0.1107054054737091,0.1257925182580948,0.25274479389190674,0.13913270831108093,0.17967775464057922,0.03752383962273598,0.14876604080200195,0.08223821222782135,0.031046763062477112,0.06419290602207184,-0.12492231279611588,-0.052516061812639236,-0.16382940113544464,0.07404208183288574,0.15910547971725464,0.034916944801807404,-0.06823325157165527,-0.08366952836513519,0.08124172687530518,-0.1068568080663681,0.028058936819434166
11,0.11223708838224411,-0.07624001055955887,0.024798277765512466,-0.10104458779096603,-0.027523700147867203,-0.00042544197640381753,-0.07316279411315918,0.013838907703757286,0.05940108373761177,0.07049147039651871,0.1295328587293625,-0.08893626928329468,0.07362697273492813,0.16562384366989136,0.06461486220359802,-0.039072610437870026,-0.034934151917696,0.02001778408885002,-0.07838284224271774,0.013689619489014149,0.0795646384358406,-0.09788201749324799,0.06810959428548813,0.0749577134847641,0.07858007401227951,0.05859026312828064,-0.021436700597405434,0.03290923312306404,0.13144482672214508,-0.17070160806179047,-0.15940429270267487,0.12755738198757172,0.15638667345046997,-0.17705045640468597,0.15095281600952148,0.04288245365023613,-0.0737224742770195,0.10347839444875717,-0.01299229171127081,0.11371742188930511,-0.16012930870056152,0.030233288183808327,0.05452273413538933,0.32570818066596985,0.05366368591785431,0.15040257573127747,0.08252043277025223,0.18128032982349396,-0.12637248635292053
12,0.0013400280149653554,0.15780900418758392,-0.10967770218849182,0.08321285992860794,0.16705599427223206,0.008137830533087254,0.006197104696184397,0.09094886481761932,-0.09785015881061554,-0.17925944924354553,0.17995736002922058,0.12694638967514038,0.11775688081979752,-0.04964251443743706,-0.054562877863645554,0.08134973794221878,-0.1164003387093544,-0.02237280271947384,0.188351109623909,0.2098860740661621,0.18725302815437317,-0.11149490624666214,-0.13535265624523163,0.0021075161639600992,-0.11749057471752167,-0.034134361892938614,-0.18537645041942596,-0.16746659576892853,-0.11280608177185059,0.05389479175209999,0.16149552166461945,-0.059009626507759094,0.028791381046175957,-0.13976572453975677,-0.16105730831623077,-0.03958284482359886,-0.004848845768719912,0.1453922837972641,-0.14887963235378265,-0.06529662758111954,-0.1367281824350357,0.04304466024041176,0.01843542419373989,-0.0047729285433888435,0.07500522583723068,-0.07437632977962494,-0.060267671942710876,-0.07644366472959518,-0.06127169728279114
13,-0.04255623742938042,0.1604357361793518,0.01763843186199665,-0.10921139270067215,-0.02083536982536316,-0.07045599073171616,0.03702756389975548,0.09734471142292023,0.16673052310943604,-0.006341398693621159,0.06407342851161957,0.045123133808374405,0.09139838069677353,0.06496322154998779,0.14598679542541504,-0.010205991566181183,-0.15487518906593323,-0.05161023885011673,-0.06494485586881638,0.1346682608127594,-0.07691291719675064,-0.11004716902971268,0.04378121718764305,0.19622905552387238,-0.2016361951828003,0.07985912263393402,-0.046896662563085556,0.021937862038612366,-0.050848208367824554,0.12257745116949081,-0.14615841209888458,0.1403443068265915,-0.01278358232229948,-0.10852152109146118,0.0689154639840126,-0.12597565352916718,0.15969258546829224,0.03737785667181015,0.2056732028722763,0.02039697766304016,0.14974968135356903,0.08320331573486328,0.05413796380162239,0.07581871747970581,-0.03391007333993912,-0.04684504494071007,-0.024270568042993546,-0.07581079751253128,-0.08363740146160126
14,-0.13105161488056183,-0.1372143179178238,0.1166549101471901,0.10822242498397827,0.008433395996689796,-0.04097868129611015,0.14089466631412506,-0.055304937064647675,-0.09173306822776794,-0.08653940260410309,-0.1089463159441948,0.15114335715770721,0.08953458815813065,0.01873629540205002,-0.14371685683727264,-0.06107744574546814,-0.0032380428165197372,-0.0018699845531955361,-0.10043302923440933,0.17669734358787537,0.053287386894226074,-0.05972135066986084,-0.17698252201080322,-0.2417374551296234,-0.13660196959972382,0.1348288208246231,-0.09287410229444504,0.14073005318641663,0.05223488062620163,0.012418379075825214,0.16567295789718628,-0.10642991214990616,-0.08291413635015488,-0.0502779558300972,-0.2242576628923416,0.0006111969705671072,0.03893948718905449,-0.04202400520443916,0.044632405042648315,-0.016789153218269348,-0.06769050657749176,0.08167680352926254,0.15770529210567474,-0.06258369982242584,-0.03339523449540138,0.03904910385608673,0.07710684090852737,0.008577762171626091,-0.01244290079921484
15,-0.06971342861652374,-0.09175190329551697,-0.10991650074720383,0.10254215449094772,0.10868875682353973,0.10165442526340485,-0.06440730392932892,0.07304447144269943,-0.09903829544782639,-0.10534553974866867,0.017668431624770164,-0.07939285784959793,0.1267257183790207,-0.06980068981647491,0.0014557653339579701,0.0030387435108423233,-0.13836197555065155,-0.0384393185377121,-0.14866405725479126,0.13955336809158325,-0.10865330696105957,0.18737860023975372,0.19024379551410675,0.22119393944740295,0.18252170085906982,0.13855396211147308,0.21196679770946503,0.025485975667834282,-0.17016084492206573,0.04999098926782608,0.14830397069454193,-0.11304688453674316,-0.02145957201719284,-0.011615286581218243,0.04334485903382301,0.07965163886547089,0.10453042387962341,-0.09587051719427109,-0.0791979506611824,-0.122200608253479,0.1636543571949005,0.049637287855148315,0.0653131827712059,-0.09398824721574783,0.06956057250499725,0.0085667809471488,0.1244221031665802,0.01050298847258091,0.010677935555577278
16,0.11748974025249481,0.17646969854831696,0.2307736873626709,0.2275591790676117,0.048925913870334625,0.016563786193728447,0.047044746577739716,-0.1651618480682373,-0.2077581137418747,0.049464549869298935,-0.006675431504845619,0.0550718680024147,0.011778791435062885,0.11687680333852768,-0.09029195457696915,0.05069660022854805,-0.09379289299249649,0.11180062592029572,0.18725743889808655,0.02249835804104805,0.14235980808734894,0.05103475600481033,-0.05951204150915146,-0.08240804821252823,-0.01572197861969471,0.13134923577308655,0.03123144991695881,0.10121326893568039,0.01116899959743023,-0.02567821927368641,-0.06947305798530579,0.10437461733818054,0.11645366251468658,0.019674820825457573,-0.12413646280765533,-0.08110903203487396,0.0028465292416512966,0.019754968583583832,-0.022211994975805283,-0.12767934799194336,0.16994895040988922,0.061570923775434494,-0.11877963691949844,-0.1184893548488617,-0.005764489993453026,0.01676585152745247,0.04905087128281593,0.025174474343657494,0.06702784448862076
17,-0.019271288067102432,0.05973202362656593,0.08534222841262817,-0.0007370151579380035,-0.07048537582159042,-0.09194585680961609,0.07104384899139404,-0.010087438859045506,0.044253263622522354,0.09873160719871521,0.09836579114198685,-0.04109181463718414,-0.06648171693086624,-0.055096037685871124,0.008654525503516197,0.09745020419359207,-0.112153559923172,0.009859186597168446,0.18525850772857666,-0.11623736470937729,0.027178021147847176,0.20463091135025024,-0.14460080862045288,-0.14205686748027802,0.2244306355714798,0.07171439379453659,-0.04680866003036499,-0.005825995467603207,0.1892990618944168,0.09340842068195343,-0.047868818044662476,-0.09605657309293747,-0.10185572504997253,0.08323907852172852,0.02486688829958439,-0.11311827600002289,0.1944875717163086,0.09808313846588135,-0.09366171807050705,-0.035701870918273926,-0.050646521151065826,0.10924109816551208,0.042604196816682816,-0.14959034323692322,0.16282334923744202,-0.0019246764713898301,0.021287189796566963,0.12191478163003922,-0.11349905282258987
18,-0.011091281659901142,-0.13115690648555756,-0.08050037175416946,0.06000615656375885,0.14466774463653564,0.062443509697914124,-0.012605154886841774,0.08149401098489761,0.018994776532053947,-0.03350239247083664,-0.006130867637693882,0.04150472208857536,0.13246016204357147,-0.15768109261989594,-0.10312379151582718,0.07463749498128891,0.10523349791765213,-0.0670231431722641,0.13707861304283142,-0.12027212232351303,0.022583113983273506,0.012368224561214447,-0.1004636138677597,-0.08324684202671051,-0.013802195899188519,0.16763508319854736,-0.03480265289545059,0.09822970628738403,-0.059384848922491074,0.13003873825073242,0.03660023584961891,0.08169009536504745,-0.19731202721595764,0.1358346790075302,-0.04247492924332619,-0.0013745439937338233,0.15304763615131378,-0.051545243710279465,0.11433631181716919,-0.10793349891901016,-0.031605225056409836,0.14707811176776886,0.15446895360946655,0.012030043639242649,0.188528373837471,-0.08853233605623245,-0.1253419816493988,-0.04480857029557228,0.08514679968357086
19,0.06098346412181854,0.17492526769638062,0.030729813501238823,0.06132723018527031,-0.15465934574604034,0.12956324219703674,-0.16803191602230072,0.12081683427095413,0.019755428656935692,0.08597610890865326,-0.13385091722011566,-0.11291713267564774,0.011169496923685074,0.1894509494304657,-0.05324501171708107,0.08196746557950974,-0.040976714342832565,0.06596938520669937,0.07210525125265121,0.06092457100749016,-0.04644463211297989,-0.044629063457250595,0.02458125911653042,-0.10107000917196274,0.11445634812116623,0.22010613977909088,-0.12690886855125427,0.05011836066842079,-0.06633573025465012,-0.05237887427210808,0.06497149169445038,0.07310791313648224,-0.02786482311785221,0.08942189812660217,0.00279607018455863,0.21791215240955353,-0.09488005936145782,0.04395780712366104,-0.005252426955848932,0.06792256981134415,-0.10152974724769592,0.06587658822536469,0.09848256409168243,0.03383168950676918,0.10984025150537491,-0.05957586690783501,-0.020595289766788483,-0.05409117415547371,-0.0629216879606247
20,-0.05601874366402626,-0.09099328517913818,0.11231226474046707,0.05210300534963608,-0.14518484473228455,0.17087094485759735,-0.016039153560996056,0.028315935283899307,0.06861938536167145,0.18162500858306885,0.019798558205366135,-0.10082732141017914,0.1277957707643509,-0.025545306503772736,0.06604234874248505,-0.15844200551509857,0.13205565512180328,-0.1161593347787857,-0.09877036511898041,0.045066919177770615,-0.06614799052476883,-0.04103394225239754,-0.0809098407626152,0.15911059081554413,0.14127759635448456,0.07969524711370468,0.1840927004814148,0.03250474855303764,-0.11203654110431671,-0.14406433701515198,0.1048538014292717,-0.07851316034793854,0.049711111932992935,0.0713280439376831,-0.0035169620532542467,0.16222859919071198,0.15805162489414215,0.12357475608587265,0.17637906968593597,0.16007018089294434,0.19012551009655,0.08109916001558304,-0.12129246443510056,-0.13270629942417145,-0.0002334577584406361,-0.0476643405854702,0.11100205034017563,-0.053700048476457596,0.0942731499671936
21,-0.10620403289794922,-0.12608687579631805,-0.0662122443318367,-0.013958193361759186,-0.13594083487987518,-0.07777019590139389,-0.14933112263679504,0.1452735811471939,0.11942173540592194,0.0015705106779932976,-0.058015961199998856,-0.031911566853523254,0.0635358914732933,-0.06266534328460693,0.08964049816131592,0.11170530319213867,-0.0005364441894926131,0.1353873610496521,0.13700361549854279,0.11266878247261047,0.11512699723243713,0.04192698374390602,-0.10314581543207169,0.10152367502450943,0.1129423975944519,0.0033963890746235847,-0.1013156846165657,-0.0991457924246788,-0.16924212872982025,0.04047985374927521,-0.049736782908439636,-0.12197137624025345,0.14835265278816223,0.12142360955476761,0.06522092968225479,-0.1281593143939972,-0.13611307740211487,0.10098893940448761,-0.10163338482379913,0.014199537225067616,0.15644501149654388,0.0845847874879837,-0.036198072135448456,0.03426726534962654,-0.039378296583890915,-0.1501779705286026,0.09285512566566467,0.08484436571598053,0.14214448630809784
22,-0.031179718673229218,-0.09003007411956787,-0.07456346601247787,0.026637384667992592,-0.0030557066202163696,-0.03220200911164284,0.006800242234021425,0.003462226828560233,-0.08932915329933167,-0.029666032642126083,0.16390186548233032,0.14570491015911102,-0.022166980430483818,-0.0034866160713136196,0.0873950868844986,3.1140134524321184e-06,0.055304598063230515,0.20719283819198608,0.15423335134983063,0.014506799168884754,-0.0680464655160904,-0.006875910796225071,0.14136147499084473,0.03415428474545479,0.16759341955184937,0.1809251755475998,0.21103307604789734,0.18640397489070892,-0.0065698944963514805,-0.06436508148908615,-0.12406750023365021,0.07620538771152496,-0.0486987940967083,-0.03868011012673378,-0.07539471983909607,-0.12117156386375427,-0.02741861157119274,-0.1481224149465561,-0.022453421726822853,-0.058692190796136856,-0.05651348456740379,-0.06521869450807571,0.11499194800853729,0.10868038237094879,0.08230055868625641,0.12544585764408112,0.14002399146556854,0.10505758225917816,0.13447318971157074
23,0.09820172190666199,0.05584196373820305,0.15411429107189178,0.0943600982427597,0.13420215249061584,0.03125496581196785,0.06578841060400009,0.1452702283859253,0.11715305596590042,0.24485118687152863,0.11527439951896667,0.13055486977100372,-0.04419869929552078,0.19683502614498138,-0.13837333023548126,-0.08283978700637817,0.10298072546720505,-0.008805673569440842,-0.0407545380294323,-0.04496205970644951,0.11919528245925903,0.12491509318351746,-0.041952792555093765,0.09095051139593124,-0.15734869241714478,0.05867611989378929,-0.13865819573402405,0.052366096526384354,-0.023918889462947845,-0.05056013539433479,-0.028039630502462387,-0.008854441344738007,-0.04113643988966942,-0.13553327322006226,0.013153687119483948,0.06265667080879211,0.08672267943620682,0.06577657908201218,-0.01483285054564476,0.03761181980371475,-0.007521524094045162,0.08778166025876999,0.05626886710524559,0.13270509243011475,0.2022886872291565,0.16256462037563324,0.17096512019634247,0.12392690032720566,0.20483650267124176
24,-0.11694056540727615,0.023630529642105103,-0.13673153519630432,0.13383466005325317,-0.10308679193258286,-0.014526850543916225,-0.0030019436962902546,-0.06878361850976944,0.13774505257606506,-0.09382285177707672,0.06667198985815048,0.050223689526319504,-0.10444626212120056,0.09049610048532486,0.08144770562648773,0.06903929263353348,-0.11122068017721176,0.020769484341144562,0.026385227218270302,-0.03236528858542442,0.10493074357509613,-0.12262982875108719,0.12669426202774048,-0.17422625422477722,0.13731573522090912,-0.030833261087536812,-0.02090998739004135,0.1263658106327057,-0.10637179762125015,-0.0035375209990888834,-0.0067497603595256805,0.13985911011695862,0.07791540026664734,0.12726154923439026,0.0015306664863601327,0.13693837821483612,0.16983990371227264,0.16885685920715332,0.21520471572875977,0.18535515666007996,0.11105122417211533,0.1256374716758728,0.06502832472324371,0.0816778615117073,-0.11901366710662842,0.1763187199831009,-0.1545003205537796,-0.05345948413014412,-0.0958583876490593
25,0.1944330483675003,0.06425109505653381,0.1397443413734436,0.05507325753569603,-0.07868386059999466,-0.19301918148994446,-0.023073431104421616,0.19759665429592133,0.11375252157449722,0.1468554586172104,-0.11023879051208496,0.02348632924258709,0.11404644697904587,0.049407958984375,0.11326286196708679,0.11894035339355469,-0.1256350427865982,-0.01364738866686821,-0.1055733859539032,0.020335247740149498,-0.12444780021905899,0.14028529822826385,0.06703438609838486,0.04021179676055908,-0.11716321110725403,-0.004788803402334452,0.11413790285587311,0.04728110507130623,0.010037983767688274,-0.05668714642524719,-0.055648524314165115,-0.026721177622675896,-0.013155951164662838,-0.014634792692959309,-0.031359583139419556,0.06669742614030838,0.0749887079000473,0.10183151811361313,0.024833999574184418,0.1283073127269745,0.24267996847629547,-0.050297364592552185,0.12505902349948883,-0.10182981938123703,0.08361468464136124,0.18230517208576202,0.13003210723400116,-0.01423906721174717,-0.011463579721748829
26,-0.05102551355957985,0.009721111506223679,-0.026713980361819267,0.07634430378675461,-0.183245450258255,-0.09161625802516937,0.04746079444885254,0.008209270425140858,0.10012374818325043,0.10575810819864273,0.015320618636906147,0.04452475532889366,0.10502000898122787,0.1703847348690033,-0.09625525772571564,-0.0813346579670906,0.045573197305202484,0.0873994305729866,-0.05423373728990555,-0.11297272145748138,0.1746007800102234,-0.04403749108314514,0.008731069043278694,0.1222919151186943,0.06215110793709755,0.08709105104207993,-0.10614079982042313,0.007712898775935173,0.12888962030410767,0.18674543499946594,0.10784902423620224,0.007859489880502224,-0.0548151470720768,-0.08065208047628403,0.21214710175991058,0.14207366108894348,0.011448124423623085,0.051478639245033264,0.11885838955640793,-0.05851785093545914,0.06298363208770752,0.23911188542842865,0.07921457290649414,-0.08485370874404907,0.06640730053186417,-0.02844271995127201,-0.17896433174610138,-0.1142895370721817,0.16472847759723663
27,0.15829819440841675,0.2089259922504425,0.2333633452653885,0.0038487643469125032,-0.02895856648683548,-0.024932334199547768,0.10518604516983032,0.08362101018428802,0.17606574296951294,0.09498199075460434,0.06885150074958801,-0.034975264221429825,-0.14338210225105286,-0.13372424244880676,-0.05679529160261154,0.14731062948703766,0.11346880346536636,-0.01871739886701107,-0.10794859379529953,0.06784315407276154,-0.11448191106319427,0.03386955335736275,-0.15279856324195862,-0.011923369020223618,0.031094001606106758,0.13692264258861542,-0.04296068847179413,0.002403832972049713,-0.1020958200097084,-0.030093202367424965,-0.03053615242242813,-0.04716065526008606,0.07998260110616684,-0.050667837262153625,0.009411796927452087,-0.10900699347257614,-0.06111820787191391,-0.14764221012592316,0.0417146161198616,0.1026039719581604,0.10445573180913925,-0.06338603049516678,-0.0844792053103447,-0.12685526907444,-0.13966138660907745,0.08388285338878632,0.11249013245105743,0.11638369411230087,-0.09049475193023682
28,0.0758250430226326,-0.004281259141862392,0.17991964519023895,0.23119822144508362,-0.051228512078523636,0.016964780166745186,-0.05021224543452263,-0.03544282168149948,-0.12666034698486328,0.1754174679517746,-0.021851690486073494,-0.0005728103569708765,0.07171984016895294,0.07853461802005768,0.08173105865716934,-0.10471250116825104,-0.051464855670928955,-0.01170832198113203,-0.06645314395427704,0.004004508722573519,0.10774784535169601,-0.1852273792028427,0.11701223254203796,-0.052817266434431076,0.09131435304880142,0.13831165432929993,-0.08708910644054413,-0.15461212396621704,0.10851338505744934,-0.11170294135808945,-0.004106807988137007,0.0759127214550972,-0.12023273855447769,0.11672254651784897,-0.036481428891420364,-0.025694673880934715,-0.14222654700279236,0.14251956343650818,0.11577139794826508,0.17367424070835114,0.13505804538726807,0.05117962509393692,0.09564153850078583,-0.056176215410232544,0.1884830743074417,0.15824764966964722,0.07574399560689926,0.12661212682724,0.058148227632045746
29,-0.06591402739286423,0.06973648071289062,-0.0888620913028717,-0.0032475299667567015,0.10701301693916321,0.14171265065670013,0.04912135750055313,-0.14289192855358124,0.07325762510299683,0.12655498087406158,-0.0037388899363577366,-0.03676139935851097,-0.1677447259426117,0.009021399542689323,-0.07965381443500519,-0.0033661930356174707,0.046425919979810715,-0.11101328581571579,-0.019742915406823158,0.12456999719142914,0.19642284512519836,0.15136584639549255,-0.14533643424510956,-0.17088918387889862,0.17309409379959106,-0.0031923723872750998,0.06057366356253624,0.07296113669872284,0.038565922528505325,0.1539064347743988,0.03930412977933884,0.11889182776212692,-0.0031131671275943518,-0.059229765087366104,-0.01765010505914688,0.12878091633319855,-0.07866733521223068,0.10631021857261658,-0.03321419656276703,0.07073653489351273,0.0797295793890953,0.06247221305966377,-0.025819452479481697,-0.11892370134592056,-0.0075348662212491035,-0.0896032378077507,0.08557478338479996,0.11197086423635483,0.12557877600193024
30,0.09752005338668823,-0.007440440356731415,0.13008980453014374,0.11149158328771591,-0.15785625576972961,0.00019461016927380115,0.11592964828014374,0.025454213842749596,0.12665264308452606,0.14496606588363647,-0.08252459764480591,-0.11464903503656387,0.04741043597459793,-0.02780420519411564,-0.10027908533811569,0.049252577126026154,-0.20341092348098755,-0.08496608585119247,0.20399238169193268,0.016604723408818245,0.17755357921123505,0.08575236797332764,-0.1892061084508896,-0.011490598320960999,0.04145635664463043,-0.0975928008556366,0.12535087764263153,0.04143651947379112,-0.1349276453256607,0.11645177006721497,0.09261183440685272,0.015047834254801273,0.06358984112739563,-0.04386488348245621,0.009650742635130882,0.11124381422996521,0.12767480313777924,0.00024438422406092286,0.07620660960674286,0.0721793919801712,0.05167175084352493,-0.13994204998016357,0.11543163657188416,-0.11465228348970413,-0.008828493766486645,0.1735711246728897,0.2394975870847702,0.008139955811202526,-0.10148323327302933
31,0.1497870832681656,-0.15475435554981232,-0.01797107420861721,0.06447445601224899,0.016426578164100647,0.07737279683351517,0.0021394791547209024,-0.07835180312395096,0.12219594419002533,0.038456134498119354,0.06418455392122269,-0.12524652481079102,0.038487210869789124,-0.11597072333097458,-0.0785597637295723,-0.08743146806955338,0.09722191095352173,0.13678330183029175,-0.1244998648762703,-0.11581181734800339,-0.06359653174877167,0.13200633227825165,0.2475363314151764,0.17416846752166748,0.18855507671833038,0.16835284233093262,0.24030740559101105,0.13139747083187103,0.08359096944332123,-0.09187308698892593,-0.040721844881772995,0.05546915903687477,-0.04966358467936516,-0.11734650284051895,0.029943067580461502,-0.05995217338204384,-0.005840450059622526,-0.12601254880428314,0.11458054929971695,-0.04236266016960144,-0.05013024061918259,0.008853319101035595,0.12975627183914185,0.14866524934768677,0.14563246071338654,0.186921164393425,0.14425034821033478,0.09325046092271805,0.154764324426651
