,0,1,2,3,4,5,6,7,8,9,10,11,12,13,14,15,16,17,18,19,20,21,22,23,24,25,26,27,28,29,30,31,32,33,34,35,36,37,38,39,40,41,42,43,44,45,46,47,48,49,50,51,52,53,54,55,56,57,58,59,60,61,62,63,64,65,66,67,68,69,70,71,72,73,74,75,76,77,78,79,80,81,82,83,84,85,86,87,88,89,90,91,92,93,94,95,96,97,98,99,100,101,102,103,104,105,106,107,108,109,110,111,112,113,114,115,116,117,118,119,120
0,0.07051017135381699,-0.09871301054954529,-0.0525495670735836,0.01782325468957424,0.09855500608682632,-0.08656938374042511,0.026746856048703194,-0.013086126185953617,0.01709710620343685,-0.004454286769032478,0.05609399080276489,0.019729284569621086,-0.08227647840976715,0.006681096274405718,-0.009113447740674019,-0.03436069190502167,0.030998585745692253,0.01715220883488655,0.04823966696858406,0.03982044383883476,-0.00319613516330719,0.05493719130754471,0.01933259703218937,-0.11038196831941605,0.005348437000066042,-0.06739602982997894,-0.027086257934570312,-0.04533975198864937,-0.08993512392044067,-0.05439086630940437,-0.010626882314682007,0.031190644949674606,0.021507831290364265,-0.09587539732456207,-0.08543308079242706,-0.06866838037967682,-0.0340125598013401,-0.0813906267285347,0.08606389909982681,-0.020266089588403702,0.03618551418185234,-0.028849586844444275,0.0029641101136803627,0.07402583211660385,-0.04247084632515907,-0.09739072620868683,0.01872667483985424,-0.059821370989084244,-0.06455139070749283,-0.04684754088521004,0.02075962908565998,-0.019030744209885597,0.08738834410905838,0.04634024575352669,0.07792269438505173,0.0026438888162374496,-0.018423879519104958,-0.045223694294691086,-0.013073346577584743,0.021051984280347824,0.05676688626408577,0.029965104535222054,-0.08957252651453018,0.06320697069168091,0.10260988771915436,-0.03396207094192505,0.03408104553818703,-0.04444713145494461,-0.06873492896556854,0.13005992770195007,-0.0974179059267044,0.02042917162179947,0.12707939743995667,-0.1275634616613388,-0.0629015862941742,-0.04286215826869011,-0.05027440935373306,-0.036416854709386826,-0.06843563169240952,0.02567356266081333,0.0031259816605597734,0.04478966072201729,-0.04341874271631241,0.18616178631782532,-0.027253631502389908,-0.021293260157108307,0.011883098632097244,-0.07212026417255402,0.2066563367843628,0.22425957024097443,0.2159000188112259,0.25801023840904236,0.3460383415222168,0.3468179404735565,0.3400842547416687,0.29903727769851685,0.25096529722213745,0.25602060556411743,0.222844198346138,-0.11339356750249863,-0.0978235974907875,0.04916392266750336,-0.13342200219631195,0.010777340270578861,0.02641739882528782,-0.12428998202085495,0.007306618615984917,-0.009006081148982048,-0.08689559251070023,0.07645288854837418,-0.12324456870555878,-0.08977582305669785,0.024758201092481613,-0.10749897360801697,-0.037701163440942764,0.008450010791420937,-0.083514504134655,-0.015717973932623863,0.12429273873567581,-0.04057798907160759,-0.05645420402288437
1,-0.09104901552200317,0.043281346559524536,0.008336062543094158,-0.030443843454122543,-0.03386405110359192,-0.027797652408480644,-0.13758480548858643,0.12618407607078552,-0.04762312397360802,0.2088068723678589,-0.05587136372923851,-0.08040853589773178,-0.07513465732336044,-0.04761567711830139,-0.08529748767614365,-0.06631961464881897,-0.11674697697162628,-0.009306457825005054,0.021739955991506577,-0.07902587205171585,0.02657485380768776,0.06422222405672073,-0.04157859832048416,0.0005259651225060225,-0.06256762146949768,0.04683906212449074,-0.10596821457147598,0.018868274986743927,-0.10332901030778885,0.06485213339328766,0.06241409108042717,0.167860746383667,0.057962339371442795,-0.06299241632223129,0.057310644537210464,-0.016575081273913383,-0.05266100540757179,-0.03860437870025635,-0.0266867782920599,-0.11175891757011414,0.23379196226596832,0.06826507300138474,0.2856297194957733,0.050416041165590286,0.027981040999293327,0.023349780589342117,0.044557686895132065,0.05482902377843857,-0.04492126405239105,-0.06511038541793823,-0.07165870070457458,0.16657057404518127,0.049732644110918045,0.13851581513881683,-0.0544116273522377,-0.012738696299493313,0.047139644622802734,0.006534696090966463,0.041567131876945496,-0.008318254724144936,-0.008003393188118935,0.044220585376024246,0.06883294135332108,0.0910167396068573,0.11366131901741028,-0.07439298182725906,0.030278988182544708,0.1584838181734085,-0.008447490632534027,-0.0035349514801055193,-0.0876837968826294,0.028895603492856026,-0.10280763357877731,0.22561922669410706,0.08842211961746216,0.13033300638198853,-0.10093030333518982,0.009263156913220882,0.1152733862400055,0.022571561858057976,0.033091772347688675,-0.09122701734304428,-0.029635215178132057,-0.028294876217842102,0.23854850232601166,0.10575846582651138,0.1711861491203308,-0.06340634822845459,0.06733779609203339,0.054359592497348785,0.014756049029529095,0.05163188651204109,-0.05594288930296898,-0.023021766915917397,0.02442079409956932,0.22735123336315155,0.12645289301872253,0.09500080347061157,0.006033533252775669,0.06269977986812592,0.05102964863181114,0.0015404094010591507,-0.017675774171948433,-0.10711445659399033,0.028267916291952133,-0.024555379524827003,0.18927547335624695,0.11623714864253998,0.10818418860435486,-0.08961229026317596,-0.019088853150606155,0.08411022275686264,0.09329984337091446,0.0861879214644432,-0.04010872170329094,0.01673746109008789,-0.08768777549266815,0.16794754564762115,0.09450788795948029,0.1686803698539734,-0.057373106479644775
2,-0.050932738929986954,0.00973860640078783,-0.1540139615535736,0.13669097423553467,0.15740802884101868,-0.06152764707803726,-0.017645366489887238,0.07246942073106766,-0.16956673562526703,0.09070908278226852,0.05256758630275726,-0.010075245052576065,0.08010288327932358,-0.031247258186340332,0.1297808438539505,-0.11349496245384216,-0.0633731335401535,0.01112275943160057,-0.04900356009602547,0.22390992939472198,0.019273828715085983,-0.07271536439657211,-0.0127272829413414,-0.04940582066774368,0.06331245601177216,0.08831298351287842,-0.05999642238020897,-0.11936158686876297,0.07938627898693085,0.1309349238872528,0.04837693274021149,-0.11176805198192596,-0.04410989582538605,0.1346200704574585,-0.030348986387252808,-0.0019294873345643282,-0.06686431169509888,0.002595592988654971,0.08086373656988144,0.06373638659715652,0.01710464432835579,-0.10755784809589386,-0.09460223466157913,0.18733595311641693,0.11001785099506378,-0.02939549647271633,-0.03459134325385094,0.07882634550333023,0.05848347023129463,0.04075252264738083,-0.040065184235572815,-0.0965893566608429,-0.03397834300994873,0.09346166998147964,0.04793490096926689,-0.04865462705492973,0.08968689292669296,0.003237490775063634,0.008813641034066677,-0.03947564959526062,0.02338000014424324,0.08158084005117416,-0.0987379252910614,0.0426313690841198,-0.011298281140625477,-0.004646742716431618,0.020934056490659714,-0.03618597611784935,0.08655650168657303,0.01808208040893078,-0.0043927934020757675,0.12061159312725067,-0.08035379648208618,-0.01245852280408144,-0.009670567698776722,0.07651836425065994,-0.016188932582736015,-0.00206110836006701,0.058980900794267654,0.11850159615278244,0.014311513863503933,-0.09570957720279694,0.05819675326347351,-0.09191347658634186,-0.1889883279800415,0.04870017245411873,0.10722988843917847,0.06312525272369385,-0.003003418678417802,0.06064483895897865,0.050688207149505615,-0.012885693460702896,0.08939991146326065,-0.019143011420965195,-0.11997613310813904,0.032499395310878754,0.0804469883441925,-0.08589506149291992,0.06567960977554321,-0.0482049398124218,0.09246501326560974,0.15420082211494446,-0.059500258415937424,-0.026847561821341515,0.10877571254968643,-0.2177470475435257,0.20226019620895386,-0.03695834428071976,-0.06909436732530594,-0.015259222127497196,-0.09656751900911331,0.1463220715522766,0.055447693914175034,-0.0717058777809143,0.1941356658935547,-0.16501159965991974,0.15834245085716248,-0.08855972439050674,-0.045103855431079865,0.08650168776512146,-0.11394884437322617
3,0.14860102534294128,0.14563047885894775,0.0018326655263081193,-0.12033161520957947,-0.1547948271036148,0.04485177993774414,0.0036019226536154747,-0.13781288266181946,0.013586851768195629,0.0353524349629879,0.10761459171772003,0.07325693219900131,0.19572149217128754,0.1084008440375328,-0.0554993599653244,-0.020098477602005005,-0.0526948906481266,-0.009133190847933292,0.07761272042989731,-0.04968646168708801,0.03683533892035484,-0.08340072631835938,-0.05358666554093361,-0.07330236583948135,-0.029415016993880272,-0.023943256586790085,-0.07421718537807465,0.05778816342353821,0.04416516050696373,-0.1318095177412033,-0.09807848185300827,-0.035533297806978226,0.04389956220984459,0.07179674506187439,0.15606465935707092,0.1288614124059677,0.01157271210104227,-0.07495234906673431,0.056711532175540924,0.05020993947982788,0.07908877730369568,0.05313391983509064,-0.04247153177857399,-0.02990231290459633,0.024294285103678703,0.0199119932949543,0.10741197317838669,0.02329125814139843,-0.11040569841861725,0.1381702870130539,-0.05541367083787918,-0.010250520892441273,-0.0844179168343544,0.046146705746650696,0.06278721988201141,0.1306479126214981,0.04935983195900917,-0.07911273092031479,-0.047609370201826096,-0.024521173909306526,-0.015579256229102612,-0.10877516865730286,-0.06793627142906189,0.022347988560795784,0.10476604849100113,-0.06425037235021591,-0.040581680834293365,0.051022641360759735,0.05862000212073326,-0.00014682559412904084,0.07277213037014008,-0.005607968661934137,0.033040519803762436,0.0760820209980011,0.1607263833284378,0.09920303523540497,-0.1038535013794899,-0.015389681793749332,-0.13848228752613068,-0.05499472841620445,0.07175217568874359,0.04999779909849167,0.020952731370925903,0.10633720457553864,0.029479822143912315,-0.06942326575517654,-0.08087415248155594,0.06544781476259232,0.02086304873228073,0.09863895177841187,0.08696595579385757,-0.014965270645916462,-0.09293268620967865,-0.017571978271007538,-0.10056643933057785,0.08488144725561142,0.1649765521287918,0.1766953021287918,0.08872874081134796,0.05926040560007095,0.1174420490860939,0.1094198003411293,0.08149717003107071,-0.039445191621780396,0.04473599046468735,-0.025186603888869286,-0.0783306434750557,-0.1807955801486969,-0.11174102127552032,-0.11804471909999847,0.011723152361810207,0.20080237090587616,0.1957954317331314,-0.015599863603711128,0.13644468784332275,-0.041017577052116394,-0.11355771869421005,0.09544850885868073,0.09364566951990128,0.02423478476703167,-0.014475910924375057
4,0.1171700581908226,0.0811484232544899,0.025105725973844528,-0.11627741158008575,-0.11449797451496124,-0.1352153867483139,0.1023852601647377,0.07799751311540604,0.006238388828933239,0.07185839116573334,-0.09774450212717056,0.07968076318502426,-0.03623344376683235,-0.010402585379779339,-0.07335522025823593,0.07121272385120392,-0.0006735539063811302,0.03201747685670853,-0.049686212092638016,0.017751457169651985,-0.07049186527729034,0.024600906297564507,-0.06161332130432129,-0.008885347284376621,0.1906403750181198,-0.12763722240924835,-0.07550123333930969,0.0479520820081234,0.14633379876613617,-0.13949395716190338,-0.1520766168832779,0.17084425687789917,0.08560419082641602,-0.05539468303322792,-0.020655250176787376,-0.03773258253931999,-0.16745637357234955,0.19909201562404633,0.16451264917850494,-0.012002182193100452,-0.11921118944883347,-0.0749833732843399,0.204804927110672,0.01573963463306427,0.004896783269941807,-0.04909077659249306,-0.05804268643260002,-0.17532767355442047,-0.09775761514902115,0.1281338334083557,0.06339698284864426,0.07974887639284134,-0.020814618095755577,0.14707837998867035,0.08015935122966766,-0.1084938645362854,-0.06222166121006012,-0.03510498255491257,-0.05276735499501228,-0.028498433530330658,0.0987006276845932,-0.06921059638261795,0.2087862193584442,0.04231485351920128,0.0736861452460289,-0.03712354227900505,0.05479966104030609,-0.0735589787364006,-0.10163424909114838,0.08687163889408112,-0.10148103535175323,0.014824372716248035,-0.02873128280043602,0.007114397827535868,0.1306714117527008,-0.016116756945848465,0.03241874650120735,0.02966136299073696,-0.14404909312725067,-0.048043835908174515,-0.018469417467713356,-0.01461657602339983,0.058639928698539734,-0.11509206146001816,0.18384335935115814,0.09554172307252884,-0.05123800411820412,0.021091338247060776,0.08555712550878525,-0.10110364854335785,-0.08056197315454483,0.1446061134338379,-0.06458568572998047,-0.13551191985607147,-0.07356336712837219,0.11989987641572952,0.07420649379491806,-0.1035754531621933,0.18257418274879456,-0.10394037514925003,-0.03203946724534035,-0.018251672387123108,0.17548906803131104,0.10932230204343796,-0.01800093986093998,-0.054393306374549866,-0.05982005223631859,-0.10428349673748016,-0.08271732181310654,0.20238134264945984,-0.05203075706958771,0.028651859611272812,-0.052218470722436905,0.08331909030675888,0.09727400541305542,-0.01049021352082491,-0.06479932367801666,-0.08504708111286163,0.03666195645928383,-0.10541453957557678,0.1428760588169098
5,-0.11724692583084106,0.18531090021133423,0.03637813404202461,-0.001586991362273693,0.21364237368106842,0.151181161403656,0.1279042512178421,0.06961089372634888,0.05688612908124924,-0.05019422248005867,0.0778173953294754,0.0023325535003095865,0.21410749852657318,0.16013848781585693,-0.02526988834142685,0.16556958854198456,0.10210070759057999,0.11198306828737259,-0.01232821773737669,-0.01457114890217781,-0.08903899043798447,-0.08393406867980957,0.01101933978497982,0.016530456021428108,-0.042296819388866425,-0.0388629324734211,0.009845282882452011,0.06312070041894913,-0.013077554292976856,0.018167361617088318,0.06692652404308319,-0.009411945007741451,0.037598058581352234,-0.013226467184722424,0.20479345321655273,0.20108568668365479,-0.0026385909877717495,0.24340473115444183,0.19995546340942383,0.04414216801524162,0.003644250798970461,0.10414942353963852,0.03975662589073181,0.060629453510046005,-0.06362950056791306,0.017646120861172676,-0.03435879200696945,-0.06295394897460938,0.09554095566272736,0.09185025840997696,0.09601221233606339,0.0033760827500373125,0.013612762093544006,-0.07379814982414246,-0.022743642330169678,-0.07407734543085098,0.1430574506521225,0.18423433601856232,0.05411047860980034,0.36002790927886963,0.3266350328922272,0.25305622816085815,0.08314397186040878,0.284946471452713,0.05273231863975525,0.07867023348808289,-0.1041206642985344,-0.06524250656366348,-0.12189651280641556,-0.13052822649478912,-0.05917840451002121,-0.022352688014507294,-0.06302438676357269,-0.027495412155985832,0.022137202322483063,0.04409674182534218,0.046561066061258316,-0.014199623838067055,0.14624132215976715,0.19385044276714325,0.0631396695971489,0.43404290080070496,0.4677927494049072,0.24347665905952454,0.161462664604187,0.2139005959033966,-0.022643012925982475,0.06448306888341904,0.00037228589644655585,0.026430144906044006,-0.050549499690532684,-0.03770189359784126,0.09675347059965134,0.041687726974487305,0.01657990925014019,-0.0037127642426639795,-0.03494178131222725,-0.08186797052621841,-0.08055853843688965,0.10120845586061478,0.13514786958694458,0.09173768758773804,0.09606684744358063,0.2683475613594055,0.3170687258243561,0.13442496955394745,0.13175998628139496,0.1746283918619156,0.056370001286268234,0.03206513077020645,-0.006422469858080149,0.004262047354131937,-0.06684106588363647,-0.09997247904539108,0.004869262222200632,-0.035984937101602554,-0.09407717734575272,-0.07397545129060745,0.04713525250554085,-0.059053197503089905,-0.03066774643957615
6,0.022105885669589043,-0.04570577293634415,-0.039761412888765335,-0.0315222330391407,-0.055932484567165375,0.10769310593605042,-0.16469356417655945,0.007448417134582996,0.02506495639681816,-0.027316058054566383,-0.021450184285640717,0.08317907899618149,0.06865286827087402,0.11960890889167786,0.08373084664344788,0.11279893666505814,0.1293386071920395,-0.08178925514221191,0.10403545200824738,0.041466835886240005,0.07802844792604446,0.006696080323308706,0.02109488658607006,-0.0376175194978714,-0.056433264166116714,-0.012234288267791271,0.051438868045806885,0.12653768062591553,-0.23571282625198364,0.014062934555113316,0.04638868570327759,-0.014780845493078232,-0.03283475339412689,0.10201182216405869,0.02637944184243679,0.016317185014486313,0.012645024806261063,0.010676747187972069,0.044349305331707,-0.27842962741851807,0.01005534827709198,0.04268074780702591,0.02239947021007538,0.05624900013208389,0.011451124213635921,-0.09837471693754196,-0.05961093306541443,-0.02406245842576027,0.05666067823767662,0.12886740267276764,-0.1091785728931427,0.08287760615348816,0.08831667900085449,-0.03489242121577263,-0.006619998719543219,0.043831173330545425,-0.03417198359966278,0.055272601544857025,0.026289766654372215,0.03275446593761444,0.1412038654088974,-0.2138652205467224,0.06835383921861649,0.009660727344453335,-0.012479439377784729,0.026415251195430756,0.08731373399496078,-0.05878957733511925,-0.001185383996926248,-0.07531299442052841,-0.05427110195159912,0.1372753232717514,-0.2523994743824005,0.013806850649416447,0.013730937615036964,0.010648234747350216,0.05725858360528946,0.032914187759160995,0.027610691264271736,0.03476310893893242,0.03082580864429474,-0.0036618190351873636,0.1263122409582138,-0.25499504804611206,0.05306191369891167,0.022742019966244698,-0.017843319103121758,0.012129557318985462,0.1599837988615036,0.13196022808551788,0.11485841125249863,0.13661165535449982,0.21791750192642212,0.21789878606796265,0.01628323644399643,0.23266571760177612,0.15873479843139648,0.15567074716091156,0.13047268986701965,-0.001044398290105164,-0.011110126040875912,-0.00464506633579731,-0.0524921789765358,-0.0623105950653553,0.024003436788916588,-0.20264987647533417,0.032642897218465805,0.014461874030530453,-0.09384887665510178,0.06534626334905624,0.02920258790254593,-0.033155571669340134,0.05083102732896805,-0.006198551505804062,-0.004110643174499273,0.11590997874736786,-0.22483855485916138,0.07162855565547943,0.013743629679083824,-0.02672002837061882,0.015075812116265297
7,0.07278802990913391,0.1125996932387352,0.046302273869514465,-0.04585137590765953,-0.010098445229232311,-0.014157219789922237,0.012895185500383377,0.017390381544828415,-0.03288642317056656,0.0018110575620085,-0.0948803499341011,0.09601037204265594,0.21554531157016754,0.20554819703102112,0.1528005301952362,-0.10824717581272125,-0.14014188945293427,-0.05558463931083679,-0.11974421888589859,0.0741400197148323,-0.12122383713722229,-0.04634999856352806,0.17531119287014008,0.21081598103046417,-0.0902622863650322,0.16180680692195892,0.02707703784108162,-0.0876176506280899,0.03023519366979599,-0.12399724870920181,-0.15296414494514465,0.04031098261475563,-0.08013855665922165,0.155594140291214,0.15085652470588684,0.12187717109918594,0.004976932425051928,-0.08594224601984024,-0.04764830693602562,-0.13909761607646942,0.06013672426342964,-0.08305768668651581,0.0593334436416626,-0.06397756934165955,0.11097108572721481,0.1386311799287796,0.025274233892560005,0.01524284016340971,-0.032974667847156525,-0.09683739393949509,0.04947960749268532,0.014926210045814514,-0.007203574292361736,-0.11001686006784439,-0.02147168479859829,0.011698215268552303,-0.07062271982431412,0.06544317305088043,-0.04161020740866661,-0.08176305145025253,0.12214937061071396,0.09660177677869797,-0.07005654275417328,0.053442858159542084,-0.14571122825145721,0.12456284463405609,0.09951026737689972,-0.044119901955127716,-0.058618951588869095,-0.023461831733584404,0.027079669758677483,-0.07743086665868759,-0.08595678955316544,0.10660481452941895,0.0026204839814454317,0.1281958669424057,-0.06329146772623062,-0.0483081191778183,-0.22718587517738342,0.05300736799836159,-0.04639051854610443,0.0008253342821262777,0.1952192336320877,0.018197551369667053,0.10574024170637131,0.017950760200619698,-0.015530253760516644,0.021684829145669937,-0.128179132938385,-0.0962098017334938,-0.03526052460074425,0.0441177673637867,0.005772145930677652,0.03082703799009323,-0.002763028023764491,-0.10450039803981781,0.13750311732292175,0.15446016192436218,0.02818303368985653,-0.10450620204210281,-0.15586529672145844,0.02379952371120453,-0.04938926920294762,0.07355381548404694,0.11613254249095917,-0.11482309550046921,-0.012830603867769241,0.05367027968168259,0.05339330807328224,0.12453314661979675,-0.12830521166324615,0.07068061083555222,-0.05650468170642853,-0.02727479115128517,-0.003726502414792776,-0.06404974311590195,0.08990069478750229,0.05952678993344307,-0.022193074226379395,-0.011656038463115692,0.1512003242969513
8,0.07196114957332611,0.13642802834510803,0.10327368974685669,0.18935976922512054,0.14236268401145935,0.2186400145292282,0.06676644086837769,0.1899605393409729,0.06929656863212585,0.034698039293289185,0.04208526387810707,-0.10148324817419052,0.02501816488802433,-0.07123363763093948,-0.029772870242595673,0.0209965817630291,0.14171023666858673,-0.022500496357679367,0.07917924970388412,-0.05629980191588402,-0.09204672276973724,-0.007136281114071608,-0.05061148479580879,-0.017320852726697922,-0.11846974492073059,-0.024914050474762917,-0.07457825541496277,0.06176534295082092,-0.1262422353029251,0.012246424332261086,-0.11616306006908417,-0.06577374786138535,-0.047226451337337494,0.07295943051576614,0.20988070964813232,0.20781496167182922,0.21599748730659485,0.1760535091161728,0.2577603757381439,0.15229389071464539,0.2209661304950714,0.10521551221609116,0.07351554930210114,0.0869113951921463,-0.048013538122177124,0.08028091490268707,-0.052887704223394394,0.07913847267627716,-0.11697224527597427,0.052193690091371536,-0.13321879506111145,0.07277116179466248,-0.09522073715925217,-0.0686132162809372,-0.014332707040011883,-0.14682824909687042,0.02248823456466198,-0.07294303923845291,0.019583355635404587,-0.06209409609436989,0.0730384886264801,-0.07684667408466339,0.1431097835302353,-0.10438051074743271,-0.13148736953735352,-0.03134647011756897,0.015177708119153976,0.03951486200094223,-0.00477328896522522,0.008510556071996689,-0.07069516181945801,0.15955787897109985,-0.09051117300987244,0.19442522525787354,-0.015096725896000862,-0.04980926215648651,0.04901761934161186,-0.027693049982190132,0.1128469780087471,-0.024867413565516472,0.01245683804154396,0.0016769298817962408,0.10480161756277084,-0.08922959119081497,0.08439504355192184,-0.10111021250486374,-0.11116626113653183,-0.022476481273770332,-0.06557991355657578,0.015514194034039974,-0.07848097383975983,-0.05622745305299759,-0.060825981199741364,0.12016500532627106,-0.10291365534067154,0.16321156919002533,-0.129982128739357,-0.012235919944941998,0.02257593907415867,-0.041616473346948624,0.09910065680742264,0.06941772997379303,-0.015195540152490139,0.09058093279600143,0.0994003415107727,0.004404779989272356,0.16312257945537567,-0.015872551128268242,-0.02275521121919155,0.08886944502592087,0.050046611577272415,0.12850451469421387,0.04266713559627533,0.07155471295118332,-0.09549462050199509,0.007159317843616009,-0.0476614311337471,0.08323762565851212,-0.010886373929679394,-0.15976610779762268,-0.03490564599633217
9,-0.04599063843488693,0.018422111868858337,0.05229976400732994,0.020343517884612083,-0.010608752258121967,0.01863756589591503,-0.0386371985077858,0.0012814290821552277,0.09496529400348663,-0.005514007061719894,-0.02073654904961586,-0.08152765780687332,-0.04267294704914093,-0.061707042157649994,-0.0310053788125515,-0.027777453884482384,0.05534166097640991,-0.09672752767801285,0.03442201390862465,0.06130331754684448,-0.0011482860427349806,0.04181520268321037,-0.014777086675167084,-0.007803311571478844,0.0052278959192335606,0.05446530506014824,-0.03728688508272171,-0.07186327874660492,-0.1371903419494629,0.12234440445899963,-0.08906955271959305,0.011775732040405273,-0.03543081879615784,-0.09941577911376953,-0.02052292227745056,-0.05084769427776337,0.001569066196680069,-0.11054373532533646,-0.064277783036232,-0.11755851656198502,0.052093930542469025,-0.006418607197701931,0.0030573939438909292,0.07169294357299805,0.12407383322715759,0.2440941482782364,0.2359209805727005,0.26640892028808594,0.2652907371520996,0.23149067163467407,0.11643258482217789,0.2642239034175873,0.16127723455429077,0.10772974789142609,0.07953616231679916,-0.06729468703269958,0.04944176971912384,-0.11682718992233276,-0.041402630507946014,-0.05094647407531738,0.013610241003334522,-0.1841614693403244,0.09456194937229156,-0.039327219128608704,-0.01136074773967266,-0.031179485842585564,0.0013190543977543712,0.12995317578315735,-0.024335214868187904,-0.0380120724439621,0.017391987144947052,-0.011137508787214756,-0.1997688114643097,0.21464292705059052,-0.08116818964481354,0.11180726438760757,-0.03806241229176521,-0.004525072872638702,0.032634567469358444,0.06144968047738075,-0.011624597012996674,0.053012702614068985,-0.00931414496153593,-0.14903031289577484,0.09550966322422028,-0.053097985684871674,0.04629714414477348,0.02071273699402809,0.10022354871034622,-0.027382325381040573,-0.011636835522949696,-0.04318476840853691,0.07954952120780945,0.07159364968538284,-0.10750553011894226,0.1359814554452896,-0.0841989740729332,-0.04533296823501587,0.008677336387336254,0.11142949014902115,-0.08867353200912476,0.03541071340441704,-0.007982790470123291,0.017544174566864967,0.024246925488114357,-0.20810765027999878,0.23914164304733276,-0.05548402667045593,-0.03862304612994194,0.10148908942937851,-0.012036168947815895,-0.006262168288230896,0.0647815465927124,-0.019116727635264397,0.05291667953133583,-0.007941368967294693,-0.12495770305395126,0.04480500519275665,0.05718580633401871,-0.01561743300408125,-0.04262475296854973
10,-0.062209926545619965,0.10282745212316513,-0.07538124918937683,0.05686088651418686,0.00639856094494462,0.08483072370290756,-0.036314405500888824,0.01382064912468195,-0.03483704477548599,-0.013432705774903297,0.03271223232150078,0.0033307452686131,-0.04439632222056389,0.09170056879520416,0.09747131168842316,0.07581862062215805,0.008802223950624466,0.05930251255631447,-0.06474994868040085,0.009085126221179962,0.10517369955778122,-0.055567167699337006,0.05035129562020302,0.07352171838283539,0.1756695806980133,0.21896515786647797,0.09616724401712418,0.23018167912960052,0.005139139946550131,0.1247001588344574,0.12377151846885681,0.04742082953453064,0.23221327364444733,0.05457558482885361,0.24379481375217438,0.06589687615633011,0.2688089609146118,0.15676677227020264,0.12093716859817505,0.1174488291144371,0.05740950256586075,0.06946837157011032,0.15168818831443787,0.11298646777868271,0.05576161667704582,-0.04448593780398369,0.1220148503780365,0.12422347068786621,-0.02057413011789322,0.19049660861492157,0.016576722264289856,0.021508468315005302,0.09728772938251495,0.03940071165561676,0.05196591094136238,-0.11217963695526123,-0.023004448041319847,-0.05124133825302124,-0.06530410051345825,0.06753949075937271,-0.09411011636257172,-0.06474834680557251,-0.12143626064062119,-0.005340924486517906,-0.16660906374454498,0.03647887334227562,-0.10403439402580261,-0.017115866765379906,-0.17262700200080872,-0.051383718848228455,-0.0641099214553833,-0.02756846323609352,-0.1482842117547989,-0.06276728957891464,-0.1695028692483902,0.02575407736003399,-0.17103922367095947,-0.005029338411986828,-0.08221645653247833,-0.03704022616147995,-0.04409830644726753,0.07451312988996506,-0.1374410092830658,-0.03315015137195587,-0.05603008717298508,-0.15868885815143585,0.0530606172978878,-0.10093770176172256,-0.001049008802510798,0.07006367295980453,0.033088695257902145,0.07138499617576599,0.004453055094927549,0.06731157749891281,-0.02796274982392788,-0.043656181544065475,0.05112653598189354,-0.047789447009563446,0.0008542446885257959,0.0030117419082671404,0.08187378197908401,0.07995761930942535,0.11333777010440826,0.10245301574468613,0.025135468691587448,-0.026097582653164864,-0.0666428953409195,-0.04993141442537308,0.016915738582611084,0.04018731787800789,-0.04544933885335922,-0.011098768562078476,-0.0014087355230003595,0.0893293246626854,-0.014860131777822971,0.02609473466873169,-0.0924757793545723,-0.001170729985460639,0.007993661798536777,-0.05898106098175049,0.030833039432764053
11,0.060256924480199814,0.13233180344104767,0.1802811622619629,0.012640065513551235,0.0772569477558136,0.1463978886604309,0.14671443402767181,0.17588892579078674,0.08229606598615646,0.14136527478694916,0.16563309729099274,0.021207846701145172,-0.044175807386636734,0.0769289955496788,0.0575750395655632,0.1222369447350502,0.11657173186540604,0.10660260915756226,0.12030152231454849,0.07482601702213287,0.15328387916088104,0.17153793573379517,0.022826477885246277,0.06152141094207764,0.007610148750245571,0.05965907499194145,0.006568972021341324,-0.02258339524269104,0.05855940654873848,0.021019229665398598,0.004579691216349602,0.10067983716726303,0.05288367345929146,-0.06372508406639099,-0.030863484367728233,-0.09987998008728027,0.036959994584321976,-0.027012085542082787,-0.1582222729921341,-0.08277446776628494,-0.09650060534477234,-0.03716958686709404,0.062864288687706,0.0642276331782341,0.014234598726034164,-0.04106757417321205,-0.1096569150686264,-0.005961846560239792,-0.01618870534002781,-0.1728575974702835,0.05642347037792206,-0.014157763682305813,-0.05784502252936363,-0.006467140279710293,0.027691716328263283,-0.04710482060909271,-0.017984462901949883,-0.08640651404857635,-0.11020759493112564,-0.08104775100946426,-0.20576845109462738,-0.00791425071656704,-0.0793035700917244,0.036072347313165665,-0.07960507273674011,0.06322856992483139,-0.0034806050825864077,-0.10129651427268982,-0.05611753091216087,-0.13465917110443115,0.006836848333477974,-0.049739208072423935,-0.05034813657402992,-0.05350964888930321,0.09051167964935303,-0.01797066628932953,-0.02768743224442005,0.10196325182914734,0.005487583577632904,-0.08798002451658249,-0.19378677010536194,-0.11754995584487915,0.010542869567871094,-0.04914763197302818,-0.18211200833320618,0.03735215961933136,0.031473930925130844,0.11587878316640854,0.12243147939443588,0.06509750336408615,-0.07873246818780899,-0.12268147617578506,0.0013542864471673965,-0.024371759966015816,0.12333101034164429,-0.08611530810594559,-0.05726923048496246,-0.04509516432881355,0.027666758745908737,0.1713465005159378,0.05840597301721573,-0.0764189139008522,-0.14499948918819427,-0.07055003941059113,-0.1327517032623291,0.02210974507033825,0.0323677584528923,-0.031159328296780586,0.03101859986782074,0.19380317628383636,0.00027850878541357815,-0.05943913385272026,-0.0941794365644455,-0.13402365148067474,0.08282587677240372,-0.06943339854478836,0.11018328368663788,0.10400059074163437,-0.04097822681069374,0.06584436446428299,0.006556507665663958
12,0.0811472162604332,0.027719954028725624,-0.07637456804513931,-0.00087542092660442,0.1025262102484703,0.01365409605205059,-0.09399476647377014,-0.14618760347366333,0.1161780059337616,-0.03210992366075516,0.009266342036426067,-0.021886898204684258,-0.028663037344813347,0.1163690909743309,0.06539478152990341,-0.0023164120502769947,-0.11773067712783813,0.03639940917491913,0.08956960588693619,-0.12023574113845825,-0.11264043301343918,0.0937858372926712,0.1078355684876442,0.09253349155187607,-0.05899648740887642,0.09143480658531189,-0.04642827808856964,0.09500358998775482,-0.2033565640449524,0.028873054310679436,0.036389030516147614,0.02776913531124592,-0.12118189036846161,0.14886583387851715,0.09897133708000183,0.040158458054065704,-0.03271706402301788,-0.04927518963813782,-0.07232467830181122,0.17711816728115082,-0.09502428025007248,0.04633944109082222,-0.11778769642114639,0.027592811733484268,0.006681106518954039,0.18627367913722992,0.1896769404411316,-0.10354617983102798,0.20378361642360687,-0.12390689551830292,-0.1204107478260994,-0.050483327358961105,-0.08833269029855728,0.019654393196105957,0.0563008151948452,0.012776261195540428,0.13980838656425476,-0.036994170397520065,0.10033467411994934,-0.18391168117523193,0.14526130259037018,0.06695651262998581,0.04468541219830513,0.08628635108470917,0.047034453600645065,-0.22426383197307587,-0.033624131232500076,0.025400308892130852,0.06968099623918533,-0.0021981599275022745,-0.02704826183617115,-0.0283617302775383,0.06884938478469849,-0.018806463107466698,-0.1001441478729248,-0.045832835137844086,0.10914485901594162,0.026279732584953308,-0.07094957679510117,-0.05505838245153427,-0.0053781005553901196,0.05824556574225426,0.05444032698869705,-0.11118210107088089,0.03145448490977287,0.06625603884458542,-0.06148475781083107,0.08676961064338684,0.07970915734767914,0.07146482169628143,-0.06777255982160568,0.03834258019924164,-0.06115943193435669,-0.0681963562965393,0.0046432968229055405,0.03216414898633957,-0.09984081238508224,0.08632328361272812,0.04520457610487938,-0.06095745787024498,-0.052198488265275955,0.04886723682284355,-0.1144501194357872,0.045971859246492386,0.12226098775863647,0.021319188177585602,0.06093589588999748,-0.09510045498609543,-0.010776915587484837,0.03715196251869202,0.08125521242618561,0.006053267978131771,0.06477978825569153,-0.12049755454063416,-0.0037209184374660254,-0.1380932629108429,0.053245339542627335,0.01782499998807907,0.09769665449857712,0.08254165947437286,-0.09892619401216507
13,-0.022627422586083412,0.13358762860298157,0.0549362488090992,0.05600536987185478,0.1409706175327301,0.10903874784708023,0.018683021888136864,-0.07698790729045868,0.006598072592169046,0.044287510216236115,0.1720874309539795,0.22815737128257751,0.15959492325782776,0.2006295770406723,0.2927684783935547,0.3187524080276489,0.23937425017356873,0.2879723310470581,0.05876513198018074,0.31187525391578674,0.21825404465198517,0.2608247697353363,-0.14578330516815186,-0.033211849629879,-0.11159633845090866,-0.0578150600194931,-0.03556961566209793,-0.06116954982280731,-0.040847595781087875,-0.10198990255594254,-0.03571220487356186,0.03867702558636665,0.11851491779088974,0.03247511014342308,-0.1349179744720459,-0.007247766945511103,-0.06463238596916199,0.09783449023962021,-0.010462350212037563,0.01331181637942791,-0.07986036688089371,0.167878657579422,-0.009733429178595543,0.08329654484987259,-0.10417262464761734,-0.07818620651960373,-0.11496079713106155,-0.10099727660417557,-0.030024327337741852,-0.17480386793613434,-0.028341922909021378,-0.23473341763019562,-0.024778297170996666,-0.07137900590896606,0.026077428832650185,0.09030859917402267,-0.035092562437057495,0.021648123860359192,0.09716635197401047,0.11377255618572235,0.02775673381984234,0.07440247386693954,-0.07238265872001648,0.07178252190351486,0.10713496059179306,0.030233727768063545,0.19323256611824036,0.2646534740924835,0.1813390702009201,0.25803351402282715,0.27260515093803406,0.14465738832950592,0.11660397797822952,-0.07620120793581009,0.18607831001281738,0.17068316042423248,0.28385382890701294,0.016139578074216843,0.07655215263366699,0.09251490235328674,0.17029361426830292,0.22402748465538025,0.13860313594341278,0.06168653443455696,-0.013742540962994099,0.1434410959482193,0.12155266106128693,0.08317377418279648,-0.06887103617191315,-0.0352005809545517,-0.009746048599481583,0.036817342042922974,0.043319400399923325,-0.043054282665252686,-0.058901596814394,-0.10996312648057938,0.05611750856041908,0.05798853933811188,0.04398501291871071,-0.11497321724891663,-0.029348958283662796,-0.004676693119108677,0.009274453856050968,0.05297566205263138,-0.012832600623369217,-0.0717410296201706,-0.13455404341220856,0.12843440473079681,-0.02185320109128952,0.0434601753950119,-0.06098618358373642,0.0722951665520668,-0.0009264709078706801,0.051605865359306335,0.06233534216880798,-0.10130564868450165,0.029366139322519302,-0.14554086327552795,0.007814893499016762,0.03496449068188667,0.023272186517715454
14,0.06312669068574905,-0.02759065479040146,0.0080689312890172,-0.0549672469496727,-0.04810011759400368,0.005934441927820444,-0.04473043978214264,-0.006059442181140184,0.08926370739936829,-0.03613784909248352,0.028931889683008194,-0.019146492704749107,-0.044490598142147064,-0.07760479301214218,0.13214121758937836,-0.01575326919555664,-0.07371699064970016,-0.1854768693447113,-0.14358645677566528,-0.030336223542690277,0.04110661521553993,0.16877920925617218,0.10837065428495407,0.07837387919425964,0.0408414788544178,0.061566442251205444,0.048994045704603195,0.1578073650598526,0.08784538507461548,-0.04536225274205208,0.11151111871004105,0.09515158087015152,0.1774618774652481,0.1355498731136322,-0.16545209288597107,-0.06446381658315659,0.05513069033622742,0.021974852308630943,-0.04259038716554642,-0.042283795773983,-0.015584666281938553,0.11930154263973236,-0.14559702575206757,0.031440723687410355,-0.176995187997818,-0.06586533784866333,0.11847192049026489,-0.013612539507448673,0.03807409852743149,-0.11327412724494934,0.10285770148038864,-0.09756836295127869,-0.02705448493361473,0.0863354355096817,0.1535368263721466,0.06617368757724762,-0.04282962158322334,0.03783362731337547,-0.012129688635468483,-0.08379646390676498,0.18148007988929749,0.08456045389175415,0.10451813787221909,0.05300297960639,0.02207093872129917,0.0689755529165268,0.1549481600522995,-0.01903046853840351,0.0001064468378899619,-0.010022078640758991,-0.1838206648826599,0.08038586378097534,0.11413781344890594,-0.141633540391922,-0.055420465767383575,0.03085968643426895,0.14787112176418304,0.060993414372205734,-0.056871358305215836,-0.04056929051876068,0.22622016072273254,-0.1013144925236702,-0.019539564847946167,-0.03448973223567009,0.03443407267332077,-0.11388473957777023,0.12059479206800461,0.17696082592010498,-0.001985102891921997,-0.14113540947437286,0.06262528151273727,0.11220966279506683,-0.21469730138778687,0.22342532873153687,-0.14193269610404968,0.03712136298418045,0.03858862817287445,0.018088102340698242,0.037766553461551666,0.12576505541801453,0.1107715368270874,0.1070498675107956,-0.07042448222637177,-0.02008664421737194,-0.036707546561956406,0.16213922202587128,0.032848529517650604,0.0447072796523571,0.1291363537311554,0.03287188336253166,-0.06327437609434128,-0.08041020482778549,0.03690119832754135,0.0013353403192013502,-0.022602345794439316,0.056130655109882355,0.07258212566375732,-0.009405026212334633,-0.028690136969089508,0.008578482083976269,0.1291579008102417
15,0.002611747942864895,-0.01789616420865059,-0.05583680421113968,-0.06738422065973282,-0.07430492341518402,-0.034496426582336426,0.05746736750006676,-0.035991132259368896,-0.06578642129898071,0.09504270553588867,-0.04345604404807091,0.022669805213809013,0.029724037274718285,-0.04002641886472702,-0.023644762113690376,-0.09940169006586075,0.06540520489215851,0.04880056530237198,0.006579649168998003,-0.09352100640535355,0.12642152607440948,-0.08700703084468842,0.10646796226501465,0.13342486321926117,0.15280979871749878,0.16618631780147552,0.1828685998916626,0.14737994968891144,0.1611965447664261,0.1495123952627182,0.1541336625814438,0.044214848428964615,0.05488450452685356,-0.08992592245340347,-0.18453757464885712,-0.13982602953910828,-0.19913381338119507,-0.21928958594799042,-0.11285746842622757,-0.14182807505130768,-0.21859456598758698,-0.07014232128858566,-0.10311993211507797,-0.11596117913722992,0.09068471193313599,0.07825547456741333,0.16057303547859192,0.15596546232700348,0.0622299388051033,0.1695885956287384,0.07615911215543747,0.03828452527523041,0.15961934626102448,0.1373225599527359,0.049374472349882126,0.099803626537323,0.03286374360322952,0.02241509221494198,-0.015305641107261181,-0.009302440099418163,0.09437405318021774,0.0033412622287869453,-0.08928501605987549,-0.03684508800506592,0.1540769785642624,-0.021961268037557602,-0.0037724587600678205,0.06431543081998825,0.07112451642751694,-0.007866162806749344,0.03080821968615055,0.006475914269685745,0.0475148931145668,-0.11528413742780685,-0.0795721560716629,0.09367463737726212,-0.0642966479063034,0.019530095160007477,0.06445719301700592,0.08132658153772354,-0.11847646534442902,0.045744217932224274,0.09714783728122711,-0.05111938342452049,-0.0863371342420578,-0.043849024921655655,0.05419064685702324,-0.07630660384893417,-0.03753842040896416,0.08802992105484009,0.043432433158159256,0.0534464530646801,-0.05185369402170181,0.12152303755283356,0.031094273552298546,0.015762468799948692,-0.038237281143665314,-0.015623406507074833,-0.11212961375713348,0.04415617510676384,0.08977492898702621,0.05986359715461731,0.0017296826699748635,-0.04352473467588425,0.07360474020242691,-0.08593028038740158,-0.03321840614080429,0.04895492270588875,0.10189317166805267,-0.022344959899783134,0.0007784545887261629,-0.02770126238465309,-0.007266547065228224,-0.004068566951900721,0.05992618575692177,0.0007732495432719588,-0.021058378741145134,-0.061391089111566544,0.06792446970939636,0.1458228975534439,-0.037708986550569534
16,-0.10581831634044647,0.012019138783216476,0.10800418257713318,0.09815181791782379,-0.10027129203081131,-0.046196889132261276,-0.04400983825325966,0.035597581416368484,0.05941753834486008,0.043090205639600754,-0.08313434571027756,-0.09253301471471786,0.018274059519171715,0.14557163417339325,-0.03345851972699165,0.035180818289518356,0.04147376865148544,0.10383909940719604,-0.14627529680728912,-0.07560437172651291,0.013922705315053463,0.15831540524959564,0.07212770730257034,0.1830546110868454,-0.0034959318581968546,-0.12540805339813232,-0.04148057848215103,0.06633307784795761,0.0734674483537674,-0.006457954179495573,0.06087295711040497,0.105509452521801,-0.11652698367834091,0.005743521265685558,0.03492807224392891,-0.0001885087986011058,0.08534613251686096,-0.0724526196718216,0.09720782935619354,-0.043829258531332016,0.026108257472515106,0.1586121916770935,-0.0637572780251503,-0.1602613925933838,0.17244791984558105,0.03896903619170189,-0.08227430284023285,-0.07014603167772293,0.23223534226417542,0.024602534249424934,-0.04403107985854149,0.05561656132340431,0.21712984144687653,-0.1868230253458023,0.14392530918121338,0.12527289986610413,-0.1082976758480072,-0.0470292791724205,-0.016178561374545097,0.07037737965583801,0.0890689343214035,0.053836774080991745,0.0416080504655838,-0.08975927531719208,-0.023963630199432373,-0.018819525837898254,0.02332165092229843,0.08148189634084702,-0.11812222748994827,0.01729307882487774,-0.03198694437742233,0.03307981789112091,-0.039660610258579254,0.2095630168914795,0.07810024917125702,0.031772032380104065,-0.15315930545330048,-0.06480637192726135,-0.09277068823575974,0.21865226328372955,0.130756676197052,-0.07530400156974792,-0.033959779888391495,0.17027339339256287,-0.20208989083766937,0.012627080082893372,0.07685142010450363,0.14806102216243744,0.1543983668088913,-0.011015916243195534,-0.07186173647642136,-0.037429001182317734,0.05409825220704079,0.058011431246995926,-0.04291661083698273,0.1267976015806198,-0.13074035942554474,0.03147020563483238,0.10043875873088837,-0.004356217570602894,-0.049913134425878525,0.15548597276210785,0.08801402151584625,-0.08257225900888443,0.049239661544561386,-0.04278316721320152,0.14009098708629608,-0.07999784499406815,0.1617612987756729,-0.03416554257273674,-0.10075177997350693,0.13280867040157318,0.01936906948685646,-0.020779762417078018,0.1128988042473793,-0.11565690487623215,-0.009897786192595959,0.058453112840652466,-0.010429232381284237,-0.07163557410240173,-0.04008966684341431
17,-0.04914291203022003,-0.058552373200654984,0.015353482216596603,0.039453741163015366,-0.022053156048059464,0.13509780168533325,0.1231113001704216,-0.012148285284638405,0.003436529543250799,0.05227504298090935,-0.028974806889891624,-0.05762650445103645,-0.08320458233356476,0.060572218149900436,0.08703707158565521,-0.10667447745800018,0.0611511655151844,0.12175003439188004,-0.08992361277341843,-0.10053236037492752,0.056384772062301636,-0.08059929311275482,0.11478463560342789,0.09364482760429382,0.07737744599580765,-0.01290298905223608,-0.1324405074119568,-0.016217954456806183,0.12409404665231705,-0.10147211700677872,-0.04314066469669342,-0.0214442890137434,0.013988040387630463,-0.08724229037761688,-0.044016845524311066,0.15245652198791504,0.14207156002521515,0.05645442381501198,0.25198453664779663,0.297049880027771,0.12136663496494293,0.07357388734817505,0.09044541418552399,0.11399811506271362,-0.13934224843978882,-0.17488497495651245,-0.05049169063568115,-0.13118398189544678,-0.1771126538515091,0.014364013448357582,0.08948570489883423,-0.08804761618375778,-0.13290762901306152,-0.002574650105088949,-0.07231525331735611,0.06837043166160583,0.07982859015464783,0.19333693385124207,0.10121070593595505,-0.03611583262681961,0.06742176413536072,0.16038177907466888,-0.007155050057917833,-0.08058684319257736,0.025360239669680595,0.014200771227478981,-0.07626504451036453,-0.013372750021517277,0.127384752035141,-0.027745287865400314,-0.1195836141705513,0.1069977730512619,0.19165289402008057,-0.0869927704334259,0.01933899149298668,0.013216202147305012,0.03374209254980087,-0.05741790682077408,-0.08859788626432419,0.0998205617070198,-0.008079367689788342,-0.07278956472873688,0.060423415154218674,0.10945703089237213,-0.1406404972076416,-0.039012886583805084,-0.03817326948046684,0.06455250084400177,0.04138244315981865,0.04294129088521004,0.1451559066772461,0.07525492459535599,0.029813529923558235,0.12683656811714172,0.1760859489440918,-0.09886585921049118,-0.007483220659196377,-0.018163491040468216,0.06514143198728561,-0.025204982608556747,0.0717257559299469,0.12465744465589523,0.06774143129587173,-0.029015352949500084,0.08848913758993149,0.16931256651878357,-0.025860238820314407,-0.016658924520015717,0.030014775693416595,0.04643865302205086,0.07388103008270264,0.032218366861343384,0.11829786747694016,0.021125152707099915,-0.09651785343885422,-0.02468240074813366,0.08882895857095718,-0.01719805970788002,-0.09148719906806946,0.05130954086780548,0.003001348115503788
18,0.08709197491407394,0.004354075063019991,0.20094311237335205,0.13596831262111664,0.13151946663856506,0.13130521774291992,0.17584890127182007,0.19494909048080444,0.13754062354564667,0.15610162913799286,0.03234323859214783,-0.047703057527542114,-0.06905552744865417,-0.045448437333106995,0.07339736819267273,0.14128023386001587,0.14166326820850372,0.05965563282370567,0.02095784619450569,-0.02342693880200386,-0.03746611624956131,0.052877526730298996,-0.012695620767772198,-0.09890428930521011,0.07133862376213074,0.09363465011119843,0.0997166708111763,0.07197780162096024,0.10318318754434586,0.06270922720432281,-0.0001795271527953446,-0.058118369430303574,-0.02660244330763817,-0.11594528704881668,-0.1720253974199295,-0.11869426816701889,-0.040323588997125626,-0.013859553262591362,-0.04919983819127083,-0.0706336721777916,-0.11326900869607925,-0.06820068508386612,-0.08108539879322052,-0.01751382276415825,-0.024306440725922585,-0.05152051895856857,-0.004092311020940542,0.11200820654630661,0.07846597582101822,0.06129589304327965,0.039748214185237885,-0.019847726449370384,-0.0878634825348854,0.1047782376408577,0.02161557599902153,-0.03369607776403427,-0.16023118793964386,0.0707598626613617,0.03843351826071739,0.09835189580917358,0.03571873530745506,-0.03766031935811043,-0.11601106077432632,0.06437674909830093,-0.0737491175532341,-0.00998701062053442,0.023382270708680153,-0.12150050699710846,0.13423039019107819,0.04524756222963333,-0.003461211919784546,0.10441887378692627,0.002067302353680134,-0.01503452192991972,-0.015768779441714287,0.0063942507840693,0.07692849636077881,0.020493965595960617,-0.17809024453163147,0.019912397488951683,0.04286464303731918,0.03801174834370613,0.06848392635583878,-0.014099037274718285,-0.04708019644021988,0.06383698433637619,-0.00786068756133318,0.03051680698990822,0.06344249844551086,-0.20527034997940063,0.17358480393886566,0.005610254593193531,0.09808877110481262,0.052311889827251434,-0.06564193218946457,-0.040951717644929886,-0.038639821112155914,-0.08967788517475128,0.10013849288225174,0.01281963475048542,-0.13098178803920746,0.1373298466205597,0.055964287370443344,0.11704700440168381,0.07163400202989578,-0.0587579682469368,0.09917169064283371,-0.03406510502099991,0.1463814228773117,-0.0504605770111084,0.08778171986341476,-0.10565652698278427,0.16979457437992096,0.13160140812397003,0.09802096337080002,0.11770273000001907,0.017755582928657532,0.06856505572795868,0.04404106363654137,-0.04573434218764305,0.048225659877061844
19,0.015718623995780945,0.020356550812721252,-0.039733096957206726,0.056866031140089035,0.1373985856771469,0.06366956979036331,0.06780765950679779,-0.05675925314426422,0.08366597443819046,0.0016491042915731668,0.0926160216331482,-0.06532278656959534,0.06100929528474808,0.045884158462285995,0.1406044363975525,0.21333208680152893,0.16364330053329468,0.033307626843452454,-0.14613056182861328,0.08364245295524597,0.09134525805711746,-0.027748197317123413,0.05162372067570686,0.10407783836126328,0.14501707255840302,0.10860106348991394,0.11066889762878418,0.08572620153427124,0.038448967039585114,-0.059636469930410385,0.03390651196241379,0.09540718048810959,-0.05643627047538757,0.09507381916046143,0.1389216184616089,0.1087840124964714,0.16504903137683868,0.13278421759605408,0.16034343838691711,0.043424881994724274,-0.11887788772583008,0.058780014514923096,0.09903166443109512,-0.07287625223398209,0.04117073118686676,0.0704447403550148,0.06877226382493973,0.11986153572797775,0.18719425797462463,0.18329696357250214,-0.01773924194276333,-0.08594755083322525,0.07820316404104233,0.09791093319654465,-0.07932525873184204,0.05872655287384987,-0.010131562128663063,-0.007164998911321163,0.1586662232875824,0.08688603341579437,0.07547745853662491,0.009543195366859436,-0.0923437774181366,0.10155103355646133,0.010227076709270477,-0.061704300343990326,-0.00031856520217843354,0.032002463936805725,-0.05110800266265869,0.04097370058298111,0.06590504199266434,0.0211485568434,-0.010432224720716476,-0.05256066843867302,0.2231363207101822,-0.017494119703769684,-0.059232573956251144,-0.10625807195901871,-0.09404728561639786,-0.16274699568748474,0.1474749743938446,0.11415945738554001,0.02448272705078125,0.0467374213039875,0.037825681269168854,0.2840633988380432,-0.06777498126029968,-0.07437769323587418,0.11971860378980637,0.024887174367904663,-0.07510925829410553,0.0614740364253521,0.04046661779284477,-0.03620212525129318,0.018589090555906296,-0.02530001848936081,0.24617788195610046,-0.10051172226667404,-0.07673866301774979,-0.049890223890542984,-0.16462773084640503,-0.14184047281742096,-0.04873746261000633,-0.0366884246468544,-0.10807337611913681,0.02657443843781948,-0.04491609334945679,0.14660252630710602,0.025545591488480568,-0.07146144658327103,-0.07086087018251419,-0.05917214974761009,-0.0020690071396529675,0.06592347472906113,-0.07857514917850494,-0.021536892279982567,0.12006980180740356,-0.09426363557577133,0.18135319650173187,0.13717807829380035,-0.09711752086877823
20,-0.0021640777122229338,-0.0047610169276595116,0.006493076216429472,-0.017383340746164322,-0.04159026965498924,0.006374618969857693,0.0046454183757305145,-0.10099025815725327,0.15462695062160492,0.1148773580789566,0.03775844722986221,0.04482254385948181,0.038036227226257324,0.08294786512851715,0.07254500687122345,0.06262809783220291,-0.0020724295172840357,0.07159438729286194,-0.028194861486554146,0.13581448793411255,0.18018676340579987,0.10502760112285614,-0.04890197888016701,-0.02099521830677986,-0.017996441572904587,-0.11599504947662354,-0.13249363005161285,-0.07888981699943542,-0.013968437910079956,0.043983034789562225,0.004421575926244259,0.0972001776099205,0.04297996312379837,0.12598612904548645,0.1380876749753952,0.07260935008525848,0.027392372488975525,-0.025262197479605675,0.02240617573261261,0.08364653587341309,-0.10019460320472717,0.13005904853343964,0.2635177969932556,0.09959542751312256,0.06450843811035156,-0.022299597039818764,0.0780428946018219,-0.005199990700930357,0.048188045620918274,0.0959315299987793,-0.018266065046191216,-0.12098560482263565,0.06655547022819519,0.03885209187865257,0.13385573029518127,-0.05140487104654312,-0.12126622349023819,-0.0945127084851265,-0.13226084411144257,-0.13216400146484375,-0.059706758707761765,-0.08042581379413605,-0.16997955739498138,-0.03401266783475876,0.01746443659067154,0.0023953316267579794,0.16691480576992035,0.10404961556196213,0.11217772215604782,0.13471679389476776,0.17638249695301056,0.16388927400112152,0.15570566058158875,-0.029241837561130524,0.16891643404960632,0.26980656385421753,0.19984671473503113,-0.06705176085233688,-0.08417957276105881,-0.0055720084346830845,-0.05117287114262581,-0.07398949563503265,0.03703455999493599,-0.006388066802173853,0.012825201265513897,0.10790438950061798,0.058550044894218445,0.012098437175154686,-0.0016413972480222583,-0.09026938676834106,0.024756083264946938,-0.0042411251924932,0.03048310987651348,0.03815599903464317,-0.10548342019319534,-0.17844048142433167,0.005883561447262764,0.04160912334918976,0.03572804108262062,-0.028896665200591087,-0.04314524307847023,0.0029871808364987373,0.05055980011820793,0.06854021549224854,0.011528246104717255,-0.06778416782617569,-0.0888584777712822,0.0641939640045166,0.08772944658994675,0.04184098169207573,-0.003559383098036051,0.003018905408680439,0.012581722810864449,-0.00585077702999115,-0.03905384987592697,-0.017726557329297066,0.0042933207005262375,-0.13542978465557098,0.09001428633928299,0.09453637152910233,-0.06010379269719124
21,0.021261002868413925,0.17653866112232208,-0.13555224239826202,-0.09243679791688919,0.0722908154129982,-0.03655371814966202,0.11641114205121994,0.1829753965139389,0.2065398246049881,0.21136508882045746,0.12895168364048004,0.06024790182709694,-0.11048047244548798,0.07911768555641174,-0.014113391749560833,0.040119290351867676,-0.0012480370933189988,-0.052555616945028305,0.018702592700719833,0.14870712161064148,0.06589698046445847,0.16644540429115295,-0.01864021271467209,0.0061851562932133675,0.032961051911115646,0.09577520936727524,-0.0558139942586422,-0.10920992493629456,0.04491640254855156,0.12733802199363708,0.013644876889884472,0.18083107471466064,0.08639614284038544,-0.029346724972128868,0.08525194227695465,0.10862124711275101,-0.141435444355011,-0.07956849038600922,0.06010871008038521,-0.041257839649915695,0.031136218458414078,0.041192490607500076,0.0013971540611237288,-0.07693620026111603,0.08061522990465164,0.1156502217054367,-0.13950787484645844,0.050298143178224564,-0.10470068454742432,-0.010178514756262302,0.010509462095797062,0.03371793031692505,0.11021484434604645,0.14531132578849792,0.040358155965805054,0.07604608684778214,-0.1932321935892105,0.09631137549877167,-0.02641761302947998,0.05204419791698456,0.0009318088414147496,-0.05970802530646324,-0.047502875328063965,-0.10520485788583755,0.23496685922145844,0.11198697239160538,-0.0570681132376194,-0.025584271177649498,-0.08921341598033905,0.06907638907432556,-0.06512368470430374,0.009815117344260216,-0.08902245759963989,0.18606890738010406,-0.15325136482715607,0.11201667785644531,-0.009150326251983643,-0.05125212296843529,0.019451795145869255,0.05551055446267128,-0.06109267845749855,0.11833585053682327,-0.08633045107126236,-0.009192322380840778,-0.03620706498622894,0.012026718817651272,-0.01768912933766842,-0.15025725960731506,0.019786914810538292,0.010732493363320827,-0.07735539972782135,-0.004089160356670618,-0.006487351842224598,-0.031073374673724174,-0.14198490977287292,0.08062973618507385,0.05985470488667488,-0.05805924907326698,0.01294148713350296,-0.04555907100439072,-0.04741854965686798,-0.0973399356007576,0.10866308957338333,0.1451263129711151,-0.15336449444293976,0.03635009750723839,0.0974443331360817,0.018722916021943092,0.04999818280339241,-0.016691874712705612,-0.03527409955859184,-0.04245010390877724,0.08814495801925659,0.01053621992468834,-0.16382871568202972,-0.09313447028398514,0.12583425641059875,0.14871516823768616,-0.04218452051281929,-0.11255864799022675,0.11825556308031082
22,0.038845133036375046,0.10211199522018433,0.08968858420848846,0.02586420625448227,0.03229381516575813,0.10659994184970856,0.011987768113613129,0.15375789999961853,0.09715651720762253,0.06082623079419136,0.14922218024730682,-0.004091006238013506,0.04756087437272072,0.0019376869313418865,0.10756737738847733,-0.03614414110779762,0.087037593126297,-0.030160874128341675,0.12201111763715744,0.01005262229591608,0.11729389429092407,0.13944563269615173,-0.0037838767748326063,-0.0544859878718853,-0.08665445446968079,0.002706974046304822,-0.13561658561229706,-0.04228433221578598,-0.050798699259757996,-0.031063131988048553,0.059618670493364334,0.06915832310914993,0.08869784325361252,0.028754206374287605,-0.04000500962138176,-0.013967864215373993,-0.05493578314781189,-0.11073096841573715,0.09588268399238586,-0.09606901556253433,0.07239416986703873,0.05479041486978531,0.0671890377998352,0.10230642557144165,0.0655374601483345,0.0481850728392601,-0.1262802630662918,0.17327113449573517,-0.17945142090320587,0.1467960625886917,-0.14719513058662415,0.053380392491817474,0.0499429777264595,-0.028163518756628036,0.09987696260213852,0.06853258609771729,-0.07298044115304947,0.017296941950917244,-0.08744531869888306,-0.13091742992401123,-0.03052186220884323,-0.14198540151119232,-0.10614227503538132,-0.061032485216856,-0.09142988175153732,0.04612215235829353,0.03346174210309982,-0.026062600314617157,-0.07662172615528107,0.09745242446660995,-0.12241911888122559,0.03046492487192154,-0.08200929313898087,1.2261837127880426e-06,0.11733415722846985,0.03830627351999283,-0.0014761477941647172,0.039581019431352615,0.16960309445858002,0.07223857194185257,0.20644241571426392,0.11524197459220886,0.24205102026462555,0.09947099536657333,0.2493252158164978,0.2202761173248291,0.19572441279888153,0.19374853372573853,0.0958876982331276,0.05606377124786377,0.03837253525853157,0.12463664263486862,-0.00829391460865736,0.1276233047246933,0.031977251172065735,0.0660020187497139,0.11968351155519485,0.10549680888652802,0.06849545985460281,0.05898493900895119,0.01027224026620388,-0.06998321413993835,0.030849482864141464,-0.13352234661579132,-0.024904636666178703,-0.09944675117731094,-0.00616543460637331,0.0018925535259768367,-0.04456407204270363,0.019640501588582993,-0.12246864289045334,-0.07290653139352798,-0.06208905950188637,-0.016969505697488785,-0.1019686758518219,-0.020115848630666733,-0.11885973066091537,0.060659755021333694,0.05595625564455986,0.07196936756372452,0.07351143658161163
23,0.06072840467095375,-0.03301827982068062,0.0414680577814579,-0.037920992821455,-0.0810830295085907,0.027145203202962875,-0.0855281874537468,0.013825244270265102,-0.04575007036328316,-0.025278182700276375,-0.11338214576244354,0.020261429250240326,0.13616055250167847,0.07348646223545074,0.02321922965347767,-0.11046919971704483,0.0915747582912445,-0.1513613760471344,0.006406146567314863,-0.12128446996212006,0.05720440298318863,-0.18742382526397705,0.11454473435878754,0.10696730017662048,0.021889595314860344,0.09283576160669327,-0.1114470586180687,0.015705415979027748,-0.14219647645950317,-0.025274677202105522,-0.1506667584180832,-0.08324915915727615,-0.002743989462032914,-0.1055769994854927,-0.09545328468084335,-0.1419779658317566,-0.241658553481102,-0.23072175681591034,-0.35259580612182617,-0.30866754055023193,-0.30062228441238403,-0.2597582936286926,-0.23748064041137695,-0.14875857532024384,0.09107962995767593,0.0655447468161583,0.04828113317489624,0.019900044426321983,0.09845982491970062,-0.0048913294449448586,-0.04225948452949524,-0.14774353802204132,-0.031937967985868454,-0.06331975758075714,0.03520609065890312,0.28483375906944275,0.2725510597229004,0.2352045327425003,0.20766191184520721,0.2592809498310089,0.20954416692256927,0.08350835740566254,0.008523042313754559,0.10011189430952072,0.10436945408582687,0.19119231402873993,0.22506384551525116,0.10419652611017227,0.09780484437942505,0.12083591520786285,0.17683947086334229,0.07466290891170502,0.02131982333958149,-0.017782099545001984,0.04426382854580879,-0.06112692877650261,0.012639309279620647,0.032102156430482864,-0.04193804785609245,-0.0613505020737648,0.04574628174304962,0.012204279191792011,0.01946854591369629,-0.008855062536895275,-0.13138286769390106,-0.020034868270158768,-0.045021846890449524,0.0676778256893158,-0.05498160049319267,-0.11892440170049667,-0.06885338574647903,0.007275130599737167,0.02108822390437126,0.07866217941045761,-0.03206948935985565,-0.020097391679883003,-0.0008270282996818423,0.10618586093187332,0.08183784782886505,-0.11022127419710159,-0.05772066116333008,0.004799255635589361,0.01770070008933544,0.05615463852882385,0.15072794258594513,0.07132239639759064,0.007300070021301508,0.006498601753264666,0.08573417365550995,0.002339152852073312,-0.05942860618233681,-0.08977706730365753,-0.08452121913433075,0.06005944684147835,0.11843070387840271,0.08773917704820633,0.016127556562423706,-0.04752247408032417,0.026898643001914024,0.0024964502081274986,-0.0239906907081604
24,-0.00478253373876214,0.07061786949634552,-0.08535844832658768,0.04609926417469978,0.007711105979979038,0.08804773539304733,-0.0055679637007415295,-0.05224107578396797,-0.01499230694025755,-0.06593385338783264,0.06906159222126007,0.06583889573812485,0.17557640373706818,0.1396382600069046,-0.029128681868314743,0.07183469831943512,-0.06423982977867126,-0.032191284000873566,0.0698937177658081,-0.03064529225230217,0.059795722365379333,0.10123921930789948,0.029685048386454582,0.14165309071540833,-0.0003498746082186699,0.018216004595160484,0.0997275710105896,-0.10426901280879974,0.07895831018686295,0.004709406290203333,-0.06689579039812088,0.018948828801512718,0.042971886694431305,0.1428551971912384,0.0496288537979126,0.014102475717663765,-0.18561148643493652,0.0620788149535656,0.19584998488426208,-0.2299746870994568,0.06484726071357727,-0.08633344620466232,0.10466130822896957,-0.023599589243531227,-0.06504331529140472,0.11199010908603668,0.1513330638408661,-0.16259334981441498,0.11818021535873413,-0.05216445028781891,0.040444131940603256,-0.05560380592942238,0.14648357033729553,-0.06501878052949905,-0.028462734073400497,-0.001087781391106546,-0.04537613317370415,0.136923149228096,0.036289069801568985,0.014051388017833233,-0.03650616854429245,-0.06713393330574036,0.05610154941678047,-0.054887402802705765,0.054487794637680054,-0.0707017183303833,0.024428321048617363,0.03634954243898392,0.041911546140909195,0.12260658293962479,-0.09457206726074219,-0.048196837306022644,0.056426774710416794,-0.14997223019599915,0.0967898741364479,-0.03775859624147415,0.0792025476694107,0.002136667724698782,-0.023427944630384445,-0.016225991770625114,0.20810315012931824,0.0007954842876642942,-0.10283344984054565,0.14645646512508392,-0.09808685630559921,0.07483191043138504,-0.10631421953439713,-0.06899556517601013,-0.027906352654099464,-0.09507724642753601,0.1287795901298523,0.05897151678800583,0.1116957888007164,-0.13614459335803986,-0.05664481222629547,-0.06262186169624329,-0.06281974911689758,-0.04238444194197655,0.06186755746603012,-0.09548051655292511,0.0070643299259245396,0.024898579344153404,0.12504328787326813,-0.17890027165412903,0.12956643104553223,-0.05224308744072914,-0.01647333800792694,-0.1397043764591217,0.06076370179653168,-0.14499206840991974,0.02492423541843891,-0.05612117052078247,-0.04529188200831413,0.07309290021657944,0.005955291911959648,-0.061504192650318146,-0.0013650008477270603,-0.013125840574502945,0.1621440201997757,-0.14285773038864136,0.06962225586175919
25,0.007120340596884489,-0.13534238934516907,-0.026313776150345802,-0.14774157106876373,-0.09501256793737411,0.006363528780639172,-0.018370578065514565,-0.09618089348077774,0.03679129481315613,-0.00507281394675374,0.08702288568019867,-0.0014460529200732708,-0.11483775824308395,-0.11027420312166214,-0.08990143239498138,-0.061583977192640305,0.02145220898091793,0.010939345695078373,0.05744248256087303,0.09917772561311722,0.16720032691955566,0.14745600521564484,0.04735114425420761,-0.07797110080718994,0.0240449421107769,-0.07181334495544434,0.06788504123687744,0.0645848959684372,0.15291237831115723,0.0563773587346077,0.02093934640288353,-0.07074961811304092,-0.11043432354927063,-0.05112097039818764,-0.06160075590014458,0.04261184483766556,0.014352768659591675,0.03964807838201523,0.10954998433589935,0.004016258288174868,-0.1278657615184784,-0.033953383564949036,0.03524145483970642,-0.005446080584079027,-0.17433510720729828,-0.04255871847271919,0.1718161255121231,0.17573201656341553,0.15031039714813232,0.3376061022281647,0.23502568900585175,0.08486787974834442,0.19525781273841858,0.23955290019512177,0.13461321592330933,0.028260286897420883,0.037774279713630676,0.07235535234212875,0.0016466871602460742,-0.02415638044476509,0.08684802055358887,-0.008822442032396793,0.01646668091416359,-0.05445488914847374,-0.12125460803508759,-0.1502341777086258,0.21375812590122223,0.19226202368736267,0.09895329177379608,0.14536511898040771,0.07130220532417297,-0.08780182152986526,-0.1692865937948227,-0.16065476834774017,-0.17569777369499207,-0.01292791310697794,-0.04416367784142494,0.19647645950317383,0.2299334555864334,0.23466140031814575,0.1284937858581543,0.10829101502895355,0.1549670547246933,0.12777036428451538,0.07497512549161911,0.11977831274271011,0.16618458926677704,-0.034918949007987976,-0.030258486047387123,0.023086315020918846,0.03350087255239487,-0.04468889534473419,-0.0932154729962349,0.005962763447314501,0.021837500855326653,-0.09092658758163452,-0.14793379604816437,-0.10447704046964645,-0.035886771976947784,0.0993054211139679,0.08721369504928589,0.019824190065264702,0.056648604571819305,0.04471438005566597,0.00491564255207777,-0.06958428025245667,-0.07824381440877914,-0.0652298852801323,-0.02964252419769764,-0.059718675911426544,-0.03566970303654671,-0.057215142995119095,0.07508935779333115,0.016180885955691338,-0.037098612636327744,0.028539134189486504,-0.026427224278450012,-0.06882356107234955,0.01936042495071888,0.09655638784170151,-0.11133120954036713
26,0.03262200579047203,0.041524481028318405,0.07790244370698929,-0.10913819074630737,0.061506401747465134,-0.05563434585928917,-0.06718160957098007,0.10204707831144333,-0.027798209339380264,-0.06748557090759277,-0.09400652348995209,0.03972237929701805,-0.057144906371831894,0.08469470590353012,-0.17771534621715546,-0.010288356803357601,-0.27379223704338074,-0.0010922400979325175,-0.12950028479099274,-0.09974683821201324,-0.033384039998054504,-0.0075711533427238464,-0.049379922449588776,-0.05737082660198212,0.043475423008203506,-0.2246314436197281,0.06544473022222519,-0.1677112579345703,0.11652711033821106,0.06813710927963257,-0.03643544763326645,-0.057801492512226105,-0.08222755789756775,-0.10591080039739609,-0.241197869181633,-0.07855668663978577,-0.09200002253055573,-0.07550840824842453,-0.17538267374038696,-0.10116148740053177,-0.01745898276567459,-0.10673067718744278,0.024929264560341835,0.05797003582119942,-0.07405636459589005,-0.11043556779623032,-0.11406030505895615,-0.12555748224258423,-0.11742016673088074,-0.00048028011224232614,-0.2128358781337738,0.09194561839103699,-0.12071622908115387,-0.03570513054728508,-0.09199207276105881,-0.014920058660209179,0.010742545127868652,-0.061335258185863495,0.036831483244895935,0.011907486245036125,0.0052281650714576244,-0.12048573791980743,0.031390514224767685,-0.11206833273172379,-0.049663301557302475,-0.12423354387283325,0.02673869952559471,0.06579014658927917,0.023536941036581993,-0.028707539662718773,-0.05122166872024536,-0.08590066432952881,-0.1358625292778015,-0.07267386466264725,-0.02232246845960617,-0.07638692855834961,-0.08771087974309921,-0.02714112401008606,0.031326428055763245,-0.15057232975959778,-0.04246050864458084,-0.07842890173196793,0.023808088153600693,-0.09917648881673813,-0.13403412699699402,0.05110538750886917,-0.08287791907787323,-0.19439697265625,0.06612737476825714,0.07824493199586868,0.02114449255168438,0.021244695410132408,-0.007298723794519901,0.0839279294013977,0.07235857844352722,-0.1073368564248085,0.10034964233636856,0.1739693135023117,0.09349741041660309,0.219408318400383,0.11542840301990509,0.10415704548358917,0.08050837367773056,0.008092664182186127,0.1047811433672905,0.08633454889059067,-0.06007631495594978,0.010652207769453526,0.05812504515051842,0.118863545358181,0.24233950674533844,0.04971964657306671,0.08994230628013611,0.06511809676885605,0.06132457032799721,-0.07235486805438995,0.01568763703107834,0.07341378927230835,0.11902471631765366,0.02518995851278305,0.1432742029428482
27,0.06421882659196854,-0.0027076774276793003,0.07849706709384918,0.04748883470892906,-0.04682115837931633,-0.05725084990262985,0.05894610658288002,-0.008328299038112164,0.026404989883303642,0.02204926870763302,0.001986977644264698,-8.926216105464846e-05,0.04192381724715233,0.018163179978728294,0.005179699510335922,0.027156250551342964,-0.028172511607408524,-0.05790460854768753,0.009356716647744179,0.0988629162311554,-0.04152830317616463,0.1159953847527504,0.11328647285699844,0.14652714133262634,0.21369405090808868,0.18965648114681244,0.13669568300247192,0.08809760957956314,0.15985004603862762,0.10958052426576614,0.05397851765155792,0.08580752462148666,0.14464171230793,0.1820627897977829,-0.05155819654464722,0.002924645785242319,0.12760698795318604,0.09364644438028336,-0.09481910616159439,-0.06378310918807983,-0.08006330579519272,-0.093766950070858,-0.02564270794391632,0.16398900747299194,0.1274736523628235,0.11737877130508423,-0.05449913442134857,0.037121355533599854,0.16069060564041138,-0.2183166742324829,-0.11449800431728363,0.06214611604809761,-0.12648046016693115,-0.010750563815236092,0.04222603142261505,0.10140922665596008,-0.08668076246976852,-0.06017991527915001,-0.028603656217455864,-0.0696147084236145,-0.022724773734807968,-0.09432175010442734,0.06527580320835114,0.08436834812164307,-0.06040636822581291,0.12885287404060364,-0.06674766540527344,-0.03110191971063614,-0.06200983747839928,-0.006849246099591255,0.018413366749882698,-0.1887444257736206,-0.08500026911497116,-0.048931580036878586,0.021508073434233665,0.035644419491291046,-0.003597948234528303,0.0819893330335617,-0.034969594329595566,-0.028958681970834732,0.0161021389067173,0.06127524375915527,-0.15165258944034576,0.017363915219902992,-0.030704641714692116,-0.03921002894639969,0.10221733152866364,-0.038798052817583084,-0.044813793152570724,0.08862943202257156,0.08904583752155304,0.051915641874074936,-0.09867797791957855,-0.09580632299184799,0.031185626983642578,-0.12550707161426544,-0.09042538702487946,0.11564435064792633,-0.1166965663433075,-0.01207573339343071,0.029869919642806053,0.05744398385286331,0.14413173496723175,2.1933619791525416e-05,-0.041232045739889145,-0.05367022752761841,-0.13330072164535522,0.03531528636813164,0.1464654505252838,-0.059887539595365524,-0.060594383627176285,0.17256228625774384,0.10704488307237625,0.0758957490324974,0.014811615459620953,-0.19066013395786285,-0.0305138248950243,-0.08736308664083481,-0.09790074825286865,0.19718684256076813,-0.09868369251489639
28,0.10361578315496445,0.12007158994674683,0.03527306765317917,0.04708406701683998,-0.08257398754358292,-0.043567776679992676,0.001877106144092977,-0.024197321385145187,-0.009396467357873917,0.040053512901067734,-0.06234361231327057,-0.07916748523712158,0.10980946570634842,0.022855278104543686,-0.02423037961125374,-0.10340335220098495,0.1045638844370842,0.008711494505405426,0.051229722797870636,0.06825190037488937,-0.01425102911889553,-0.01324231643229723,-0.05192527920007706,0.09840322285890579,0.07216580212116241,0.18572813272476196,0.04184534773230553,-0.14084218442440033,-0.10699678957462311,-0.03761687129735947,-0.01064874418079853,0.12476173043251038,0.12190637737512589,-0.07411807030439377,0.13781258463859558,0.11117676645517349,0.042582884430885315,-0.08087887614965439,-0.020929070189595222,0.11967714875936508,-0.013550830073654652,-0.1487920880317688,-0.04219585657119751,0.08697984367609024,0.0770392119884491,0.1371118724346161,0.006258322391659021,0.0828770250082016,0.09572288393974304,-0.13833551108837128,-0.14281918108463287,0.0014230465749278665,-0.09187906980514526,0.16520491242408752,0.04331417381763458,0.004149312619119883,0.12760783731937408,-0.016396669670939445,0.09500855207443237,0.11845581978559494,-0.13839678466320038,0.0326719805598259,0.21399836242198944,-0.10266672074794769,-0.11230174452066422,-0.04273812100291252,-0.014955366961658001,0.027500074356794357,0.08373507112264633,-0.07340175658464432,0.11076001077890396,-0.0875745341181755,-0.03642325848340988,0.05249258503317833,0.08473300188779831,0.029649117961525917,-0.13539651036262512,0.07366487383842468,-0.0780569389462471,-0.00510359788313508,-0.12854789197444916,0.1244928240776062,-0.0055493926629424095,0.08649297058582306,-0.008843952789902687,0.1488974690437317,-0.12826107442378998,-0.0001668498880462721,0.14257116615772247,-0.12211283296346664,0.02218579687178135,-0.1203390434384346,0.019520509988069534,0.15632255375385284,-0.055828459560871124,-0.06717964261770248,0.22100400924682617,-0.13543660938739777,-0.05208396166563034,0.10345432162284851,-0.11350766569375992,0.03892962262034416,0.06312050670385361,-0.020084736868739128,0.04922962933778763,-0.03616615757346153,0.08764302730560303,-0.09569188952445984,-0.09530876576900482,0.1296243816614151,0.006332984194159508,-0.11283645778894424,0.1162680983543396,0.1270177662372589,0.03655198588967323,-0.1261899769306183,0.07479146122932434,-0.038745615631341934,-0.075300432741642,0.09345054626464844,-0.07471545785665512
29,0.14775489270687103,-0.0420081801712513,0.13069619238376617,0.042861469089984894,0.0516478531062603,-0.09395170211791992,0.15301291644573212,-0.11289338767528534,-0.036166343837976456,0.03927375376224518,0.01383961271494627,0.08048698306083679,-0.06813422590494156,0.042932990938425064,0.0005604895413853228,0.06538132578134537,0.1406688541173935,-0.11137738078832626,-0.008743567392230034,0.1467188596725464,-0.051273684948682785,0.12830443680286407,0.05036357790231705,-0.040337011218070984,-0.06106017529964447,-0.039327021688222885,-0.02057170867919922,-0.03185665234923363,-0.019008107483386993,-0.05788751319050789,-0.12726199626922607,-0.0375078022480011,-0.04549974948167801,-0.008130000904202461,0.01131727360188961,0.06958658248186111,0.001313784159719944,0.11345625668764114,0.04462245851755142,0.008293616585433483,-0.016461435705423355,0.03227201849222183,0.04100960120558739,0.010650495067238808,0.20854710042476654,0.10568443685770035,0.2546413242816925,0.25586163997650146,0.16192851960659027,0.21672473847866058,0.01866600289940834,-0.014330869540572166,0.09406588226556778,0.004796454682946205,0.09254538267850876,0.09922079741954803,0.021781014278531075,0.0926322340965271,0.12156642973423004,0.18842510879039764,0.011876413598656654,0.12266650795936584,-0.05199315398931503,0.02263142168521881,0.08205024898052216,0.040098607540130615,-0.07561541348695755,0.02075679413974285,0.1554015874862671,-0.011477382853627205,0.12959595024585724,-0.0894540548324585,-0.08576744049787521,-0.04186400771141052,-0.13784612715244293,0.08883437514305115,-0.03555265814065933,-0.05209450423717499,-0.13328289985656738,-0.07666222006082535,-0.07333467155694962,-0.06059381738305092,-0.08582977205514908,-0.06723364442586899,-0.1391875296831131,0.05117756873369217,-0.0797375813126564,-0.04152397811412811,0.0543450303375721,-0.0882503017783165,0.09696484357118607,0.0005745252128690481,0.1304878145456314,-0.10668212175369263,0.0022379769943654537,-0.08198080211877823,-0.14760778844356537,0.029124192893505096,0.0058380537666380405,0.0796322450041771,-0.09843094646930695,0.12156098335981369,0.017506390810012817,0.028289055451750755,-0.06610139459371567,0.015900393947958946,-0.07369913905858994,0.028454532846808434,-0.030634285882115364,-0.07580805569887161,0.16890741884708405,0.02096675895154476,0.09403809159994125,0.18866786360740662,0.01883036457002163,0.1380237340927124,-0.041116248816251755,-0.09371567517518997,0.07928493618965149,0.024045828729867935,0.13239170610904694
30,-0.09638117998838425,0.005063280463218689,-0.08908059448003769,-0.1582123190164566,-0.009887170977890491,0.023165328428149223,-0.1283542662858963,-0.01792159676551819,-0.07553603500127792,0.02098356932401657,-0.09383316338062286,0.0686986893415451,0.11521114408969879,0.11610989272594452,0.034299518913030624,0.13023918867111206,0.1979067325592041,0.1077817976474762,0.2002425640821457,0.11465288698673248,0.08633163571357727,0.16124610602855682,-0.10705156624317169,-0.06927332282066345,-0.11948184669017792,-0.14922958612442017,-0.04733361676335335,-0.08444417268037796,-0.1508679986000061,-0.0758339911699295,-0.011578974314033985,-0.03173838183283806,-0.0738927349448204,0.1003831997513771,0.2733839750289917,0.1973036825656891,0.17480842769145966,0.2416606992483139,0.16948585212230682,-0.011802374385297298,0.08662336319684982,0.1114063560962677,-0.011277916841208935,0.037239160388708115,-0.037559423595666885,0.09726210683584213,-0.08398275822401047,-0.1254453808069229,-0.04734598472714424,-0.0059043653309345245,-0.10438735038042068,-0.02820359170436859,-0.007937815971672535,-0.05218381807208061,0.0173372533172369,0.08460501581430435,0.23800775408744812,0.1099570095539093,0.057690273970365524,0.06843048334121704,0.22452056407928467,0.07858356833457947,0.10109440982341766,0.1476699411869049,0.013372148387134075,0.04605398699641228,0.11495929956436157,0.19846664369106293,0.052256014198064804,-0.003928851801902056,0.04160034656524658,0.04854927584528923,-0.1170969307422638,-0.054312434047460556,-0.02642376348376274,-0.12059438973665237,-0.12449805438518524,0.07905508577823639,0.11792104691267014,0.058326367288827896,0.011955786496400833,0.07142502069473267,0.17799656093120575,0.011960298754274845,0.08460847288370132,0.09907257556915283,-0.005465396214276552,0.12080579996109009,-0.0038920349907130003,0.1172918900847435,-0.03734303638339043,-0.007138946559280157,0.005034519359469414,0.11540089547634125,-0.0483403280377388,0.005354668013751507,0.09038456529378891,0.07989352196455002,0.018304716795682907,0.0727706179022789,0.13692961633205414,0.0901382640004158,0.014251851476728916,-0.0015350807225331664,0.05927490442991257,-0.014914272353053093,0.013741869479417801,0.10954048484563828,0.011310424655675888,0.009702938608825207,0.06775154173374176,0.10291095077991486,-0.04487865790724754,-0.035753265023231506,-0.036544639617204666,0.11912432312965393,-0.06720846146345139,0.02723487839102745,0.015207028016448021,0.03372115641832352,-0.013912578113377094
31,-0.01865125074982643,-0.013622038997709751,-0.038203347474336624,0.15976721048355103,-0.026826100423932076,0.06052105873823166,0.024262983351945877,-0.06485848873853683,-0.08706016093492508,0.04001123458147049,0.002380924765020609,-0.01968429423868656,-0.14986132085323334,0.06110955402255058,0.07767844200134277,0.05964171886444092,0.1201990395784378,-0.10219874978065491,0.050501011312007904,-0.08554170280694962,-0.05031929165124893,-0.044073473662137985,-0.04693659022450447,0.1381039321422577,-0.02406587451696396,-0.049684371799230576,0.0798540711402893,0.04608401656150818,-0.02001803182065487,-0.06358630210161209,-0.011670996434986591,-0.0508740060031414,0.09192972630262375,-0.08002010732889175,0.024777550250291824,0.15921323001384735,-0.09630750864744186,0.13597926497459412,-0.031358033418655396,0.027456015348434448,-0.05096884071826935,-0.02827644534409046,0.10115909576416016,-0.05899141728878021,0.055023714900016785,-0.020078420639038086,-0.042600855231285095,-0.043569911271333694,0.14276708662509918,-0.07227697968482971,-0.07732308655977249,0.1267947554588318,-0.022230977192521095,0.06248157098889351,-0.0054883696138858795,-0.030030542984604836,-0.11620374023914337,0.26882269978523254,-0.14776277542114258,0.1754036545753479,0.010700950399041176,0.03448120504617691,-0.2235517054796219,0.005796533543616533,0.02460693009197712,0.05959903076291084,0.03448845073580742,0.11240126192569733,0.008790564723312855,0.08867699652910233,-0.11859849095344543,-0.01321401260793209,-0.014514266513288021,-0.0988614559173584,0.13451464474201202,-0.1619327962398529,0.08169067651033401,0.021699856966733932,-0.03279442340135574,-0.03640337660908699,0.17043563723564148,0.17391617596149445,-0.11830033361911774,0.11322189122438431,-0.1705639660358429,-0.21363712847232819,0.03368660435080528,0.11215353012084961,-0.09342440962791443,0.029657037928700447,-0.050483670085668564,0.16864095628261566,0.19625157117843628,0.059876058250665665,-0.07835320383310318,-0.08272338658571243,0.00944409891963005,-0.07801459729671478,-0.05712759494781494,0.021690107882022858,-0.06585947424173355,-0.0010187801672145724,0.15289641916751862,-0.1186385378241539,0.17291365563869476,-0.10451994836330414,0.08357612788677216,-0.014567255973815918,-0.10527074337005615,-0.031167004257440567,0.006564068607985973,-0.04902433976531029,-0.09504679590463638,0.050524596124887466,-0.03403788432478905,0.13273486495018005,0.08921757340431213,0.023250436410307884,-0.03875453770160675,0.05290048569440842,-0.10364580154418945
